id,domain,status,purchase_price,renewal_price,attractiveness,demand,length,registrar,created_at,expires_at,status_verified_at
e721db39-177c-49e6-9213-6040a052a31c,dnc.cars,available,1863.2,2064.2,high,low,3,spaceship,,,02/10/2026 17:47
b91059a7-39c2-4ae4-b8f3-34b95a83805b,bayes.cars,available,2070,2950,high,low,5,namecheap,,,22/09/2026 18:03
3a86e3aa-e702-4406-9ce9-fba798777c58,quadrilateral.cars,available,1863.2,2064.2,medium,low,13,spaceship,,,30/09/2026 19:15
1118eeca-89ca-4755-bde9-3dbca25f2977,lec.cars,available,1863.2,2064.2,high,low,3,spaceship,,,03/10/2026 03:55
3a8a0fa4-fbc4-4bde-90f3-e50d2d70d7b6,berkelium.cars,available,1999.99,2199,medium,low,9,namesilo,,,21/09/2026 00:14
4c5ee412-8fe1-4e96-a496-8e40b938b44f,branded.cars,available,1863.2,2064.2,high,low,7,spaceship,,,02/10/2026 19:02
c5cfb70f-355c-4904-90b8-e0596c628c39,cornell.cars,available,2060.25,2064.19,medium,low,7,porkbun,,,29/09/2026 00:29
ecae5ccd-d0f6-414f-8c96-b615688c76b8,xcvi.cars,available,1999.99,2199,medium,low,4,namesilo,,,
f7e087f8-9d22-4a69-9d44-5e0a0801ac0c,prichard.cars,available,1863.2,2064.2,medium,low,8,spaceship,,,02/10/2026 08:43
33f2a32e-51cc-4818-b7ca-4229000cfad1,asset.cars,available,1999.99,2199,high,low,5,namesilo,,,01/10/2026 02:31
edbc89e5-2645-45e7-9a40-358f971dea39,doc.cars,available,1999.99,2199,high,medium,3,namesilo,,,24/09/2026 16:30
d2b3a240-6ff3-4f72-9b18-8bc54a436224,baldr.cars,available,2070,2950,medium,low,5,namecheap,,,21/09/2026 21:35
447a442f-982e-4511-a5d9-6a395995ddc2,intend.cars,available,2070,2950,high,low,6,namecheap,,,25/09/2026 18:20
a31cbaa2-d84b-4d27-ad13-f96a17649c80,suspect.cars,available,1863.2,2064.2,high,low,7,spaceship,,,28/09/2026 02:06
9a18e7dd-190e-4200-a611-4ac147b05836,walk.cars,available,1999.99,2199,high,low,4,namesilo,,,27/09/2026 02:47
dc7e11a5-4729-4fdf-9e31-fcfaef342468,apodictic.cars,available,1999.99,2199,medium,low,9,namesilo,,,06/08/2026 01:27
ed6ac675-3f80-4cf2-a1e1-f8405682bac1,nutella.cars,available,1999.99,2199,high,medium,7,namesilo,,,19/09/2026 10:13
fef8acea-2d3d-4c61-b4b6-af7ce036ee50,dully.cars,available,1999.99,2199,medium,low,5,namesilo,,,14/09/2026 14:43
d439a504-874d-45a5-ae69-ec10a96fb810,abidjan.cars,available,1999.99,2199,medium,low,7,namesilo,,,16/09/2026 15:38
b1ff7f3f-d4c3-413f-86fa-d119c9807dbc,ulcer.cars,available,1999.99,2199,medium,low,5,namesilo,,,30/09/2026 11:13
aa16605e-594a-4c2e-8b3e-d8484ab48003,almandine.cars,available,1999.99,2199,medium,low,9,namesilo,,,18/09/2026 12:29
36fa34a4-a728-4f29-aea4-f2f0c6850da1,ieee.cars,available,2070,2950,high,medium,4,namecheap,,,25/09/2026 13:18
112aa070-3ef6-499f-99da-78b9d1d9bf4f,tramp.cars,available,1999.99,2199,high,low,5,namesilo,,,10/09/2026 22:07
385ebe25-5b90-4cad-ad78-13ccbdc784de,ibc.cars,available,1863.2,2064.2,high,low,3,spaceship,,,02/10/2026 19:08
85690de9-df9f-46b5-ac10-2bd592fdb132,ported.cars,available,1999.99,2199,high,low,6,namesilo,,,20/09/2026 15:39
eb3feda6-6573-4dc1-a9fc-8f8f64a227df,hemp.cars,available,1999.99,2199,high,low,4,namesilo,,,24/09/2026 12:04
e4f0a38d-2e6b-4a60-99b2-b9a1cf36b8e2,needing.cars,available,1863.2,2064.2,high,low,7,spaceship,,,01/10/2026 10:18
2c1ea3e2-04c5-47f1-902d-597651bc9620,tells.cars,available,1999.99,2199,medium,low,5,namesilo,,,18/09/2026 14:10
d0b5761a-0288-4e74-a9f9-51855d527266,edwin.cars,available,1999.99,2199,high,low,5,namesilo,,,25/09/2026 05:17
de7bff7a-12d1-4bee-9bef-74bd010118f0,reprobate.cars,available,1999.99,2199,medium,low,9,namesilo,,,14/08/2026 02:38
ca862f4c-ac20-4674-a353-54bc6ace7aae,nimiety.cars,available,1999.99,2199,medium,low,7,namesilo,,,17/08/2026 16:13
44170ffb-9cf0-4f7d-8ed4-6c9df4aff3af,hacker.cars,available,1999.99,2199,high,medium,6,namesilo,,,24/09/2026 20:44
a06f98bd-b9f8-4129-8567-a85df99a4e91,bicameral.cars,available,2070,2950,medium,low,9,namecheap,,,09/08/2026 19:06
714f39f1-1113-4215-9795-b975a062c268,hitter.cars,available,2070,2950,high,low,6,namecheap,,,22/09/2026 14:18
3b897d36-6dea-409d-bb8c-e14389e21ad7,circularly.cars,available,1999.99,2199,medium,low,10,namesilo,,,14/09/2026 06:55
9db790f6-0935-4e64-a96e-6ad962cf374d,defaults.cars,available,1999.99,2199,low,low,8,namesilo,,,21/09/2026 07:23
9c48ec3a-0475-442d-a7b7-bee9c8d30823,fillmore.cars,available,1863.2,2064.2,medium,low,8,spaceship,,,03/10/2026 00:44
7a53abef-37f5-4a01-917d-f00cbd820046,most.cars,available,1999.99,2199,high,low,4,namesilo,,,25/09/2026 21:48
d0f25cff-1c19-4d04-a37e-b1cdc4f58b90,exactly.cars,available,2070,2950,high,low,7,namecheap,,,26/09/2026 00:15
1e8dd6e0-77fa-4b86-90b6-5d5494386ccf,istanbul.cars,available,1999.99,2199,high,low,8,namesilo,,,24/09/2026 17:33
7e298e1f-6317-44af-b050-cb3e1ae52a10,known.cars,available,1999.99,2199,high,low,5,namesilo,,,25/09/2026 12:59
ed6cc311-35ce-407d-a58b-e2e7927067fb,accomplished.cars,available,1863.2,2064.2,high,low,12,spaceship,,,30/09/2026 21:49
8c22116b-8482-4801-ae7c-f45e21e9c43c,octagonal.cars,available,1999.99,2199,medium,low,9,namesilo,,,04/09/2026 00:37
d414e77c-51b3-48b6-85e4-bf0b6f0ee96e,subscribe.cars,available,1863.2,2064.2,high,low,9,spaceship,,,27/09/2026 22:05
406dcdb6-6ca2-4df1-9b34-3d142935e483,auklet.cars,available,1999.99,2199,medium,low,6,namesilo,,,21/09/2026 04:08
39df0a69-6026-4d6b-887e-46831238ba15,penile.cars,available,1999.99,2199,medium,low,6,namesilo,,,08/09/2026 14:21
09b6b88b-1165-426c-a1b0-b64d4ce2483b,president.cars,available,1999.99,2199,high,low,9,namesilo,,,29/09/2026 07:56
a2ae7313-fb0e-4893-afc4-b7397fc981fd,politician.cars,available,1999.99,2199,high,low,10,namesilo,,,28/09/2026 10:44
5ff5287b-d338-491e-bb2a-2b74edd8c2d1,skopje.cars,available,1863.2,2064.2,high,low,6,spaceship,,,30/09/2026 18:39
98ee1c4c-8db2-4d54-bea3-4f1816a704bf,effortless.cars,available,1999.99,2199,high,low,10,namesilo,,,15/08/2026 16:21
5b4fe465-dafa-4d9b-bddd-198b357512d5,mango.cars,available,1863.2,2064.2,high,high,5,spaceship,,,29/09/2026 19:37
a98202d7-8e69-463a-a0a9-70e3ca628986,debating.cars,available,2070,2950,medium,low,8,namecheap,,,29/09/2026 05:52
34fd476f-185c-468c-9098-6abc7165604e,moonlike.cars,available,1999.99,2199,medium,low,8,namesilo,,,25/08/2026 05:49
178d0e9b-d7ce-4c4c-aa58-b79a53ad6871,sony.cars,available,2070,2950,high,medium,4,namecheap,,,02/10/2026 08:46
9c77a10e-ef10-4541-b3d5-b68d7b1f99d2,showery.cars,available,1999.99,2199,high,medium,7,namesilo,,,09/09/2026 09:50
be9346d3-47db-4254-8d53-07f8358f2829,gastropod.cars,available,1999.99,2199,medium,low,9,namesilo,,,12/09/2026 14:04
fc5401ec-f63b-4765-b4d6-98990ecfb497,yeltsin.cars,available,2070,2950,medium,low,7,namecheap,,,28/09/2026 22:09
3e89ef8f-dd3e-4f07-8d45-87bbc803595a,assurgent.cars,available,1999.99,2199,medium,low,9,namesilo,,,07/08/2026 08:26
f288ea6a-832f-4399-b6c6-54b9c9753921,alummah.cars,available,1999.99,2199,medium,low,8,namesilo,,,18/09/2026 01:08
63ae799c-e2e1-4fc0-a0dd-56630a5a90c3,fortunes.cars,available,1863.2,2064.2,medium,low,8,spaceship,,,29/09/2026 05:22
fe2ec636-9110-4328-9493-dd1e6b4e2932,relentless.cars,available,1999.99,2199,high,low,10,namesilo,,,20/08/2026 20:05
3ea6437f-0d73-4396-a1df-1f481a628baf,gifted.cars,available,1999.99,2199,high,low,6,namesilo,,,18/08/2026 23:27
31f59d1f-d191-4c8f-ba88-2b76fd0b278c,slut.cars,available,1999.99,2199,high,low,4,namesilo,,,17/09/2026 10:21
62d4d556-0ad4-4b43-aa10-08a96f6a5a5d,sauna.cars,available,1863.2,2064.2,high,low,5,spaceship,,,30/09/2026 10:38
6350eb61-2313-4665-b415-081ed149640b,explained.cars,available,1999.99,2199,medium,low,9,namesilo,,,17/09/2026 15:48
36494188-5ccd-497b-9de6-685ab539ad58,strawberries.cars,available,1863.2,2064.2,medium,low,12,spaceship,,,29/09/2026 23:41
a51880d3-680e-4604-bf1d-b28c5a7d29a6,aram.cars,available,1999.99,2199,high,low,4,namesilo,,,19/09/2026 23:55
25416624-fe67-4972-8110-6e20bf9d36cd,cruiser.cars,available,2140.22,2140.22,high,low,7,dynadot,,,28/09/2026 18:32
3da01bce-3487-4ccd-82c8-c7ec3017cbbd,offensive.cars,available,1999.99,2199,high,low,9,namesilo,,,14/08/2026 22:05
e945f7cb-62af-42f2-994a-e7e1624669a1,friction.cars,available,1999.99,2199,high,low,8,namesilo,,,29/09/2026 01:01
e6f8ee93-81f6-4709-b42a-7d37ba037970,prattle.cars,available,1999.99,2199,medium,low,7,namesilo,,,23/09/2026 23:32
d8fec700-961a-47c2-a042-e41ee946f742,jumentous.cars,available,1999.99,2199,low,low,9,namesilo,,,22/08/2026 14:21
d6bedc41-c4c6-473a-b628-52dca442930c,evaporate.cars,available,2070,2950,high,low,9,namecheap,,,30/09/2026 19:17
679c232a-ab4a-4dda-a33e-d05c1e8d9ff8,hinterland.cars,available,1999.99,2199,high,low,10,namesilo,,,21/09/2026 14:33
d361251a-73d1-40f5-98e4-cbaa528bf063,keyrings.cars,available,1999.99,2199,medium,low,8,namesilo,,,20/09/2026 12:08
5e96261c-6c87-405f-afd3-c984881fc443,predaceous.cars,available,1999.99,2199,high,medium,10,namesilo,,,09/09/2026 01:22
0837dcc5-336d-4179-b69f-b98f77426d45,thursday.cars,available,1863.2,2064.2,high,low,8,spaceship,,,30/09/2026 13:11
97cad226-ee6f-457a-84b4-444d28ab29b3,bionic.cars,available,1999.99,2199,high,low,6,namesilo,,,10/08/2026 02:17
d18ee9d4-05ca-4552-8dc2-bfc22c46ccf0,becomes.cars,available,1999.99,2199,medium,low,7,namesilo,,,27/09/2026 10:31
989e0cf4-a04f-48c2-a335-77e787e28b67,keaton.cars,available,1999.99,2199,medium,low,6,namesilo,,,30/09/2026 00:55
8cad31ed-11b6-48f7-ac9b-fbe13934c477,veal.cars,available,1999.99,2199,medium,low,4,namesilo,,,30/09/2026 14:19
02ac2e28-f18f-422a-8854-f56d6abb8c4d,walkabout.cars,available,2070,2950,high,low,10,namecheap,,,02/10/2026 18:03
4073a5ab-8f9f-4846-8789-588405d68cc5,sabbatic.cars,available,1999.99,2199,medium,low,8,namesilo,,,09/09/2026 20:32
fca1de3a-7f6c-4d4d-bdb3-c555b0ac9cac,aman.cars,available,2060.25,2064.19,high,low,4,porkbun,,,30/09/2026 20:31
78b1fb86-5dfa-45d7-bc1d-748ac23f6a62,sagittal.cars,available,2070,2950,high,medium,8,namecheap,,,09/09/2026 20:48
3bc44217-dcf3-4a1a-a7c7-6a02cafee515,whitener.cars,available,1999.99,2199,medium,low,8,namesilo,,,24/09/2026 03:50
07b184f2-2099-4a8f-bcd0-1dcc0e48049a,rhenium.cars,available,1999.99,2199,medium,low,7,namesilo,,,20/09/2026 23:48
cea2fa68-0024-4889-9359-a6751e4de589,largely.cars,available,1999.99,2199,medium,low,7,namesilo,,,28/09/2026 14:55
a7a6a1f1-e694-42d8-b3aa-185c7a0cdce5,neutered.cars,available,1999.99,2199,medium,low,8,namesilo,,,03/09/2026 16:35
511b9018-5936-495c-a2ad-f2d25757fe14,corregidor.cars,available,2999.99,3799.99,medium,low,10,name.com,,,22/09/2026 13:13
75328d21-86c4-449e-9509-d4c69eb7a8ea,diagnostic.cars,available,1999.99,2199,high,low,10,namesilo,,,14/08/2026 05:47
7f3ef615-f461-454d-b37c-37c19f105966,toter.cars,available,2070,2950,medium,low,5,namecheap,,,22/09/2026 21:16
5b6212c0-be27-48d9-ab75-bd6aa9debeea,pays.cars,available,1999.99,2199,medium,low,4,namesilo,,,25/09/2026 17:21
d2b4ddde-3319-408d-b06f-7c113535c6b5,radiantly.cars,available,1999.99,2199,medium,low,9,namesilo,,,15/09/2026 22:18
a6d8974a-e99e-404b-8f93-07a200d8a6f9,opinion.cars,available,1999.99,2199,high,low,7,namesilo,,,27/09/2026 16:53
86f65136-caf4-4943-90b9-88f6f958b8c4,familial.cars,available,2070,2950,high,low,8,namecheap,,,17/08/2026 21:41
fe6c74c5-7f38-462d-ab52-abbf6f13a1d0,insomnia.cars,available,1999.99,2199,high,low,8,namesilo,,,29/09/2026 13:08
139bbfed-b728-469d-8068-ea45840c8a1f,tyrannical.cars,available,2070,2950,medium,low,10,namecheap,,,07/08/2026 19:12
a8480f0f-df23-4060-b05a-c192d00af43a,rooster.cars,available,1999.99,2199,high,low,7,namesilo,,,29/09/2026 13:52
39f12bc9-690c-4316-9135-f33432a6547a,reversely.cars,available,1999.99,2199,medium,low,9,namesilo,,,15/09/2026 23:37
5e48e7ab-4f5e-4c15-bd3e-433dadb85560,abell.cars,available,2070,2950,medium,low,5,namecheap,,,02/10/2026 20:39
d233da62-4983-4d94-9dca-970c69b59358,lola.cars,available,2070,2950,high,high,4,namecheap,,,27/09/2026 06:59
eca42495-1067-4180-8859-4366ba3f5c3d,fretted.cars,available,1999.99,2199,medium,low,7,namesilo,,,18/08/2026 15:24
5fd32238-055c-466a-95a9-82a842c74d59,wharton.cars,available,1999.99,2199,high,low,7,namesilo,,,25/09/2026 22:32
1e7fb485-50bb-4af0-86b2-85349839e222,modestly.cars,available,1999.99,2199,medium,low,8,namesilo,,,15/09/2026 15:13
1c3e6c39-2134-4e75-b214-ad5cc5b7a0b5,pleased.cars,available,2070,2950,high,low,7,namecheap,,,27/09/2026 04:08
045c8e0c-9c9d-4e55-ba22-36355483c40f,sponges.cars,available,1863.2,2064.2,medium,low,7,spaceship,,,02/10/2026 14:10
1306f934-1f69-41bf-b06a-9078485a52f7,barefaced.cars,available,1999.99,2199,medium,low,9,namesilo,,,08/08/2026 09:20
f80f7db0-cf11-4d06-a8eb-3b6f93aa6ed7,spinal.cars,available,1999.99,2199,high,medium,6,namesilo,,,10/09/2026 15:38
9a803e0e-9f2a-4be0-91d4-ab9587aeec01,cancellous.cars,available,1999.99,2199,medium,low,10,namesilo,,,11/08/2026 16:31
cc3580cf-7e95-4a22-99d9-e188d1cfba56,bred.cars,available,1863.2,2064.2,high,low,4,spaceship,,,29/09/2026 14:17
db44a4d1-ac7a-4c1c-b2ff-afa9578f6f6d,masterful.cars,available,2070,2950,high,low,9,namecheap,,,23/09/2026 21:35
59f75b37-c706-4bb0-a443-5c10e66b4677,rotund.cars,available,1999.99,2199,medium,low,6,namesilo,,,13/08/2026 01:59
2576a26a-4364-4d9c-8778-03729973e92a,chambers.cars,available,1999.99,2199,high,low,8,namesilo,,,08/09/2026 06:47
dd4ae861-f6d7-47b8-be27-dab843c510ce,youthfully.cars,available,1999.99,2199,medium,low,10,namesilo,,,16/09/2026 11:49
d6174197-44b3-4e15-87f6-90ddd41cff29,satisfies.cars,available,1999.99,2199,medium,low,9,namesilo,,,20/09/2026 14:54
e1792987-f072-4564-9efd-9ff1056dd189,batu.cars,available,1863.2,2064.2,medium,low,4,spaceship,,,02/10/2026 18:53
846aaf6e-263c-4cc1-9904-6823b7b4f28d,allure.cars,available,1999.99,2199,high,low,6,namesilo,,,18/09/2026 12:11
2186cc17-a4f7-4737-90bd-3ce7bf9ddc95,receive.cars,available,2140.22,2140.22,high,low,7,dynadot,,,30/09/2026 21:22
b9c8e815-cf17-4e5e-a8ac-0bc7748257d9,suarez.cars,available,1999.99,2199,medium,low,6,namesilo,,,30/09/2026 05:29
ddde448d-4e0f-420c-ae74-4f05cf47f210,bilbao.cars,available,1863.2,2064.2,medium,low,6,spaceship,,,29/09/2026 03:44
3e7873f9-28f5-4165-aeba-873b063a507b,pyknic.cars,available,1999.99,2199,medium,low,6,namesilo,,,17/08/2026 01:17
dca5a7e8-9c76-4a6b-9967-961c64418631,iridescent.cars,available,1999.99,2199,high,low,10,namesilo,,,12/08/2026 03:15
4c120104-8d4c-4a0f-914e-194e627cbade,detected.cars,available,1999.99,2199,high,low,8,namesilo,,,24/09/2026 07:30
bd9a4b9c-84d1-49d1-b637-2d2a83600b8c,relationship.cars,available,1999.99,2199,high,low,12,namesilo,,,01/10/2026 02:58
bdeab7cc-6172-48af-8850-84940f46d4ae,jacobean.cars,available,1999.99,2199,high,low,8,namesilo,,,22/08/2026 11:47
6cf3beb6-93bb-447d-9e93-d28866951064,masturbation.cars,available,1863.2,2064.2,medium,low,12,spaceship,,,30/09/2026 14:21
fd573a10-c67e-4d14-b0c6-0fb33a08e8bf,bloom.cars,available,1999.99,2199,high,medium,5,namesilo,,,22/09/2026 22:34
a3fabd6e-28a5-4c0b-8ff4-d40e361b3ddd,caught.cars,available,1999.99,2199,high,low,6,namesilo,,,
87908cca-053f-4935-9020-bb763e027a6d,stargazer.cars,available,2070,2950,high,low,9,namecheap,,,20/09/2026 18:07
44e362d2-19ea-4448-b159-4fc09d2cf0e3,casimir.cars,available,2140.22,2140.22,medium,low,7,dynadot,,,29/09/2026 03:56
f7ccc4c8-588f-4c6d-bbc2-b6275db39cf0,helpfully.cars,available,1999.99,2199,medium,low,9,namesilo,,,15/09/2026 00:07
c1b4d6e1-cd79-408c-859b-bf2f7f19a8a2,bypast.cars,available,1999.99,2199,medium,low,6,namesilo,,,11/08/2026 12:08
8a68e6e9-6760-45f2-83e1-64aaeb989f73,laffer.cars,available,2070,2950,medium,low,6,namecheap,,,20/09/2026 10:59
83b221e2-4e5c-4878-872f-9d668ea34cfb,tantrik.cars,available,1999.99,2199,high,low,7,namesilo,,,11/09/2026 08:07
0c21e95a-a0b1-4599-8005-2bac398294c8,bivouac.cars,available,1999.99,2199,medium,low,7,namesilo,,,11/08/2026 15:54
2a20aec2-c390-4cc6-9cc5-c41ee4f04236,apios.cars,available,1999.99,2199,medium,low,5,namesilo,,,19/09/2026 17:25
5d4dd8ec-f46d-4aac-b05a-710f1c51a7d2,paving.cars,available,1999.99,2199,high,low,6,namesilo,,,01/10/2026 03:16
652c242f-9028-4b39-b1be-69c5b21d3f7d,sucked.cars,available,1999.99,2199,medium,low,6,namesilo,,,18/09/2026 04:29
b942a4a9-1fa5-4872-96a4-8ae47c6e1e57,ache.cars,available,1999.99,2199,medium,low,4,namesilo,,,
f5a0ace5-c7d0-4df9-a4b3-fac78edd08b2,hai.cars,available,1863.2,2064.2,high,low,3,spaceship,,,27/09/2026 16:50
8e33a86f-2387-4d24-8016-a83edbf8741e,vacuous.cars,available,1999.99,2199,low,low,7,namesilo,,,07/08/2026 02:52
76279ab3-964f-4bc5-a515-2738f86d5c75,lies.cars,available,2950,,medium,low,4,namecheap,,,
459994c1-fb2c-42b3-a41c-1dc96724a37b,temperature.cars,available,2140.22,2140.22,high,low,11,dynadot,,,02/10/2026 15:27
3b3129de-38b6-413e-9b5c-8fc4ca62dfcf,consultive.cars,available,1999.99,2199,medium,low,10,namesilo,,,
fb542cd3-a5cc-4ae5-9ed4-ac38603010a0,cousins.cars,available,2070,2950,high,low,7,namecheap,,,19/09/2026 21:00
c9aebeac-4ab5-4ee7-b01a-f7eb38320db2,mingle.cars,available,1999.99,2199,high,low,6,namesilo,,,22/09/2026 03:11
ccf36028-b0a6-4049-917f-3b1df70eaa0d,scandium.cars,available,1999.99,2199,medium,low,8,namesilo,,,20/09/2026 22:34
6b1723f0-1857-4ea9-bcc8-5b695a7f6ae4,religions.cars,available,1863.2,2064.2,medium,low,9,spaceship,,,30/09/2026 15:01
3b370205-bc95-4528-b0c1-5e05bbc27348,barbie.cars,available,1999.99,2199,high,medium,6,namesilo,,,30/09/2026 11:39
16310004-4906-4ad5-adbc-a755f17d8fa6,hates.cars,available,1999.99,2199,low,low,5,namesilo,,,27/09/2026 23:03
ab1c76b4-0a7c-458d-9b3c-d7071dc76167,digger.cars,available,2070,2950,high,low,6,namecheap,,,29/09/2026 06:38
f846215c-6237-49f2-8310-5c40c4de89a9,subtract.cars,available,1999.99,2199,high,low,8,namesilo,,,03/10/2026 02:29
cf287686-d024-4c40-afb2-ff0e62a4b2b9,attractions.cars,available,1863.2,2064.2,medium,low,11,spaceship,,,30/09/2026 23:56
446fff06-b3df-4117-99a3-3868ee9df7f9,backpack.cars,available,1999.99,2199,high,low,8,namesilo,,,29/09/2026 00:17
b6fd6712-8617-43c1-ad69-9f9002e7f8a2,hold.cars,available,2070,2950,high,low,4,namecheap,,,24/09/2026 23:26
3566fd8d-5f0c-4c39-a1ea-e74e04596d08,encyclical.cars,available,1999.99,2199,medium,low,10,namesilo,,,17/08/2026 00:42
90762fed-675f-4656-a5d6-06e98edd5066,fluorescent.cars,available,2070,2950,high,low,11,namecheap,,,30/09/2026 19:26
04f4a4cb-6ded-444c-94b9-251f2667d92d,winless.cars,available,1999.99,2199,medium,low,7,namesilo,,,13/09/2026 12:35
0eb2c49f-2163-4a95-9855-d2e12de79359,dreaming.cars,available,1999.99,2199,high,low,8,namesilo,,,24/09/2026 23:58
8f8ff09d-bf4e-48ee-8915-236d99bee085,repand.cars,available,1999.99,2199,medium,low,6,namesilo,,,09/09/2026 14:25
a3d5be06-506b-439f-ac32-ee30dfbbe5b3,fletcher.cars,available,1999.99,2199,high,low,8,namesilo,,,30/09/2026 09:40
189aae5d-bab5-45da-9bd2-f5c2fda5559a,asura.cars,available,2070,2950,medium,low,5,namecheap,,,20/09/2026 18:26
39d99e8a-bcd1-4e28-9f13-1efce3b7228e,recent.cars,available,1999.99,2199,high,low,6,namesilo,,,27/09/2026 10:49
3cdac3f3-2570-4e25-a7e2-a109af9b6f09,lade.cars,available,1999.99,2199,medium,low,4,namesilo,,,22/08/2026 18:36
35ba1a7f-b361-4fa9-b10e-231c7ed2f6e4,glimpse.cars,available,1999.99,2199,high,low,7,namesilo,,,24/09/2026 18:42
5253157e-5474-4427-b0ab-96550710962c,deafened.cars,available,2999.99,3799.99,medium,low,8,name.com,,,13/08/2026 19:52
ac392440-8b6f-4db4-908b-3356545c8f1a,apologetic.cars,available,1999.99,2199,medium,low,10,namesilo,,,06/08/2026 02:07
1195292b-f331-4da9-8a37-a5ba30fd79a7,widespread.cars,available,2999.99,3799.99,high,low,10,name.com,,,24/09/2026 16:57
769e871c-b078-4d5e-ab01-4cb8eed17682,forgo.cars,available,1999.99,2199,high,low,5,namesilo,,,18/08/2026 11:51
ddeb3fad-bd3d-4271-a527-0fc7e62d02a1,dislocated.cars,available,1999.99,2199,medium,low,10,namesilo,,,14/08/2026 11:31
2ef4c1bd-06d8-4cc5-be76-10d87e15bc52,benny.cars,available,1999.99,2199,high,low,5,namesilo,,,23/09/2026 08:22
8d26ec65-6e84-4121-9dfb-e6573e9b799c,donors.cars,available,1863.2,2064.2,medium,low,6,spaceship,,,30/09/2026 06:50
2e4b180c-288b-4270-ac45-3d7754611629,twilit.cars,available,2070,2950,medium,low,6,namecheap,,,14/08/2026 21:33
24e72c9a-cf3e-4a88-9739-87bc71bef3f8,walton.cars,available,1999.99,2199,high,low,6,namesilo,,,25/09/2026 05:07
4e269750-a572-4748-803a-c7394d1089b3,wilderness.cars,available,1863.2,2064.2,high,low,10,spaceship,,,28/09/2026 15:33
f58f6d19-6dbc-4a5c-87af-b36c1c4a7b20,coolness.cars,available,2070,2950,high,low,8,namecheap,,,24/09/2026 14:38
c41e55f9-480a-412f-aa8f-a60b56be8f21,meter.cars,available,1999.99,2199,high,low,5,namesilo,,,25/09/2026 15:55
a82cc0c6-a9c4-4c9d-aac6-a28880059c4c,hindenburg.cars,available,2140.22,2140.22,medium,low,10,dynadot,,,29/09/2026 19:09
fc6aa7b0-c416-40f6-a966-894b9fd9be0a,cbo.cars,available,1999.99,2199,high,low,3,namesilo,,,30/09/2026 04:30
3783e03c-2f40-4a56-8b60-4e07b92eebaa,mirage.cars,available,1863.2,2064.2,high,low,6,spaceship,,,29/09/2026 13:27
b2c41dd9-ac94-4263-a71e-5f39e59cccff,talladega.cars,available,1999.99,2199,medium,low,9,namesilo,,,29/09/2026 22:45
de579e44-3888-4136-9016-28d8031f58d0,equilibrium.cars,available,1863.2,2064.2,high,low,11,spaceship,,,29/09/2026 23:01
113b904a-649f-4a78-b8ff-42a85495cb3f,churchman.cars,available,1999.99,2199,high,low,9,namesilo,,,14/08/2026 23:29
bdb0f6ba-65e5-45ee-9a8c-7e77e7283b9d,atonic.cars,available,1999.99,2199,low,low,6,namesilo,,,07/08/2026 13:54
cef9f679-d736-455e-9238-d0a5f6fdfff5,wichita.cars,available,1863.2,2064.2,high,low,7,spaceship,,,29/09/2026 02:38
835e8275-3d67-4d0b-a120-24548f09dc32,inclusion.cars,available,1999.99,2199,high,low,9,namesilo,,,02/10/2026 04:18
4f756a33-bbf2-4892-9439-67c823a0794e,prevent.cars,available,2140.22,2140.22,high,low,7,dynadot,,,30/09/2026 19:55
c9287a29-7c48-421f-920d-f7ec829d12f3,bathos.cars,available,2070,2950,medium,low,6,namecheap,,,22/09/2026 13:49
ea006435-eae9-43da-9d22-9d03449e2ff3,aphrodisia.cars,available,1999.99,2199,medium,low,10,namesilo,,,19/09/2026 17:14
609bbeff-cb28-437e-9e4b-1a77f6f579a6,angus.cars,available,1999.99,2199,high,low,5,namesilo,,,16/09/2026 15:11
3c62a8fc-c815-4d69-b204-2cd5f6706290,kilkenny.cars,available,2060.25,2064.19,medium,low,8,porkbun,,,29/09/2026 03:59
714ec120-7b90-49a0-aec9-946536c6ed9a,epidermal.cars,available,2999.99,3799.99,medium,low,9,name.com,,,13/08/2026 13:06
ddfaac8e-ae30-4320-ad8b-ba9e0f3b558b,acheson.cars,available,1999.99,2199,medium,low,7,namesilo,,,17/09/2026 00:31
06281354-415a-44ec-bb5c-8e235f301962,knighthood.cars,available,1999.99,2199,high,low,10,namesilo,,,02/10/2026 05:33
3700622e-7d9b-4cd2-bd2d-09e7e2ae8a48,inspire.cars,available,1999.99,2199,high,medium,7,namesilo,,,22/09/2026 04:50
51a07f9e-65ed-408f-9d28-43006acdf48d,waist.cars,available,1999.99,2199,high,low,5,namesilo,,,28/09/2026 06:51
580a8170-b151-4a82-a943-3581fae97336,wieldy.cars,available,1999.99,2199,medium,low,6,namesilo,,,13/09/2026 11:52
e4415a59-5680-4bbc-9ecf-fae8adb6d3a0,complaints.cars,available,2070,2950,medium,low,10,namecheap,,,18/09/2026 03:41
79c33930-ce35-41e5-9c8c-1b177b86101b,moviemaker.cars,available,1999.99,2199,high,low,10,namesilo,,,03/10/2026 02:33
af29515c-a706-4c9e-aeff-130b967a26a4,respondents.cars,available,1999.99,2199,medium,low,11,namesilo,,,25/09/2026 21:41
08ef6cf4-0474-4e54-a990-549456a6fa8a,sisterhood.cars,available,1863.2,2064.2,high,low,10,spaceship,,,03/10/2026 02:07
988a32cd-6eff-4581-838c-56b88f6b56e5,ferguson.cars,available,2070,2950,high,low,8,namecheap,,,25/09/2026 17:55
7dd30159-1e5d-4964-9b56-101f9bb4dbdb,joints.cars,available,1999.99,2199,medium,low,6,namesilo,,,20/09/2026 03:38
dd9c206a-9f32-45cc-ac26-a082c5061a78,campania.cars,available,1999.99,2199,high,low,8,namesilo,,,30/09/2026 16:35
d02ae256-8faa-42de-b98a-7500978a7738,allmouth.cars,available,2070,2950,medium,low,8,namecheap,,,18/09/2026 11:45
8636a682-0fef-4b80-954b-9f5a5a1268ea,stallion.cars,available,1999.99,2199,high,low,8,namesilo,,,24/09/2026 14:09
4d7dd7ad-cf96-4895-ad7b-4a34c72974f7,chimerical.cars,available,1999.99,2199,medium,low,10,namesilo,,,12/08/2026 05:38
6bb552e3-8967-4ada-95e1-e41d70d75e01,infallible.cars,available,1999.99,2199,high,low,10,namesilo,,,22/08/2026 04:05
a74d1273-b34d-4666-be5f-af89ede1f215,barthelme.cars,available,1999.99,2199,medium,low,9,namesilo,,,22/09/2026 09:06
3c9c036d-1f4a-4348-853f-71cb19d9facf,engine.cars,available,1999.99,2199,high,low,6,namesilo,,,30/09/2026 16:04
387fd401-d46c-458f-81e6-d19a223128a9,arena.cars,available,1863.2,2064.2,high,medium,5,spaceship,,,28/09/2026 22:03
50ba259d-ac72-4903-82d3-b634f9273880,spear.cars,available,1999.99,2199,medium,low,5,namesilo,,,28/09/2026 09:46
1cb87e58-8491-4963-81d2-baa4afe78ad5,djia.cars,available,1999.99,2199,high,low,4,namesilo,,,02/10/2026 08:42
e431c9bc-6487-4984-bbe8-278eecf2047e,joanna.cars,available,2070,2950,high,low,6,namecheap,,,25/09/2026 11:35
4e21dd17-6106-45ea-8058-ae44f058f3e0,numbly.cars,available,1999.99,2199,low,low,6,namesilo,,,15/09/2026 08:39
db0a4f48-c1b5-49df-bb8f-89cab5e72ca2,acrylate.cars,available,1999.99,2199,medium,low,8,namesilo,,,17/09/2026 04:05
746858d8-3be5-4fc0-8d89-70133843bb60,enjoyable.cars,available,1999.99,2199,high,low,9,namesilo,,,17/08/2026 09:17
9706c7a2-e55f-407c-9a6b-efe42ec7e0b4,anwar.cars,available,2140.22,2140.22,medium,low,5,dynadot,,,29/09/2026 09:45
3644ea81-8ade-4a8f-a4bc-7f924ba0959c,gorky.cars,available,1999.99,2199,high,low,5,namesilo,,,18/09/2026 05:08
69363f3d-2569-42d7-bf7e-da51205110ae,legend.cars,available,1999.99,2199,high,low,6,namesilo,,,30/09/2026 02:45
52ec3a7f-f3ff-4389-9cbd-b1807ffa5d38,debasement.cars,available,1999.99,2199,medium,low,10,namesilo,,,17/09/2026 10:16
a9133150-edbf-4bfd-a720-2a1629784745,biff.cars,available,1999.99,2199,medium,low,4,namesilo,,,23/09/2026 13:51
c859434c-abd6-4e11-9d22-e8421143802f,seamus.cars,available,2140.22,2140.22,medium,low,6,dynadot,,,01/10/2026 23:52
e0e2a0ed-3573-4fcc-bf02-fe55bd8f647c,benzyl.cars,available,1999.99,2199,high,low,6,namesilo,,,23/09/2026 09:03
ef1c52f5-1a97-403d-9e5f-20ebb0356fc6,alosa.cars,available,1999.99,2199,medium,low,5,namesilo,,,18/09/2026 13:26
1fb4850e-685d-4059-8085-77c54c68fe10,veggie.cars,available,1999.99,2199,high,low,6,namesilo,,,19/09/2026 06:34
2b391ddd-69e8-4cd3-af31-6669e8335a24,herculean.cars,available,1999.99,2199,high,low,9,namesilo,,,21/08/2026 07:06
3c2b6058-a3e0-499a-8d3c-9e338a11ced1,diss.cars,available,1999.99,2199,medium,low,4,namesilo,,,17/09/2026 14:55
c18d4adc-bc03-4df4-82bd-84aa670dee3b,insistent.cars,available,1999.99,2199,medium,low,9,namesilo,,,13/08/2026 09:33
5c80aaf3-e012-48b2-ad50-dd79d41be8bf,especially.cars,available,2060.25,2064.19,medium,low,10,porkbun,,,28/09/2026 14:41
ddd8dad9-ef8e-4657-b92e-50ee5672fed8,patriarch.cars,available,1999.99,2199,high,low,9,namesilo,,,02/10/2026 16:20
342dbc3e-44fd-433d-abaa-46b648edc63f,choler.cars,available,1999.99,2199,medium,low,6,namesilo,,,19/09/2026 06:04
cbe2961b-ae43-4afc-a201-daa29a5edcff,trusts.cars,available,2140.22,2140.22,medium,low,6,dynadot,,,28/09/2026 18:18
10c26f7e-dc7b-4b32-b1cb-6caecfe8de75,unnumbered.cars,available,1999.99,2199,high,low,10,namesilo,,,13/08/2026 03:46
083cf284-ea93-48e3-a00a-724795b8939b,mechanized.cars,available,1999.99,2199,high,low,10,namesilo,,,19/09/2026 16:26
ad20a380-854e-42c9-8542-9773fe75f33e,started.cars,available,1999.99,2199,medium,low,7,namesilo,,,18/09/2026 11:27
50d5b685-28bc-42b6-82d2-e69a9292a7d3,certainly.cars,available,2070,2950,high,low,9,namecheap,,,24/09/2026 21:00
260dd0ba-387e-41b1-87b1-3e90d3a2d85c,salvation.cars,available,1999.99,2199,high,low,9,namesilo,,,28/09/2026 03:00
7ef2d888-ca99-4c48-ad5b-5f44e243e7ea,neal.cars,available,2140.22,2140.22,medium,low,4,dynadot,,,28/09/2026 16:08
2b348f6f-9ec6-4009-af82-c96cd060df5a,muller.cars,available,1863.2,2064.2,high,low,6,spaceship,,,29/09/2026 18:58
ab87c4b0-81d0-4fbf-ad6b-cebae1184a2e,effingham.cars,available,1999.99,2199,medium,low,9,namesilo,,,02/10/2026 10:14
a06ac117-2cd3-41ab-8eb3-6a741ffed401,chatbot.cars,available,1999.99,2199,high,medium,7,namesilo,,,02/10/2026 01:35
0bc0a1ff-38c7-40d4-b2f7-a998efbe2158,explicitly.cars,available,1999.99,2199,medium,low,10,namesilo,,,14/09/2026 17:07
724ea4b9-1936-4b11-a1e2-e35288959a3b,ethyne.cars,available,1999.99,2199,medium,low,6,namesilo,,,17/09/2026 00:23
eb985408-c921-4c4a-8bed-95c7e82a33e6,bandoneon.cars,available,1999.99,2199,medium,low,9,namesilo,,,22/09/2026 01:29
3c55b79d-4e83-4a75-a69a-31405b5228f0,chasing.cars,available,1999.99,2199,high,low,7,namesilo,,,27/09/2026 06:54
b8a49ff9-91bc-408c-a0ca-6c9518aab057,plaza.cars,available,2070,2950,high,low,5,namecheap,,,28/09/2026 06:36
118edb77-2ffc-4efa-8927-660e70ed4378,ted.cars,available,1863.2,2064.2,high,low,3,spaceship,,,30/09/2026 12:54
5ab0535c-434b-4fbf-ba38-352136a8dbee,belittling.cars,available,1999.99,2199,medium,low,10,namesilo,,,09/08/2026 13:10
98de491f-69bb-4b01-81be-a0723d5ead03,antinomy.cars,available,1999.99,2199,medium,low,8,namesilo,,,19/09/2026 14:49
7b7498a7-3ac8-495c-a5d0-2b02dd837be4,anapurna.cars,available,2070,2950,medium,low,8,namecheap,,,19/09/2026 02:22
0374f9ec-2665-4108-a14d-5c5c920ca55d,wakening.cars,available,1863.2,2064.2,high,low,8,spaceship,,,28/09/2026 23:37
51897852-8672-40d3-9b7a-09cc8ec57936,easing.cars,available,1999.99,2199,high,low,6,namesilo,,,02/10/2026 14:56
3178a1d6-a60d-4d9f-b47a-4cdb4b217fd8,mattered.cars,available,2140.22,2140.22,medium,low,8,dynadot,,,01/10/2026 18:12
687e6622-a016-4784-8290-bff3b61e3db8,friendless.cars,available,1999.99,2199,medium,low,10,namesilo,,,18/08/2026 15:33
90c00858-2994-4d57-bee5-c0500ae05b55,coldly.cars,available,1999.99,2199,low,low,6,namesilo,,,28/09/2026 14:07
48c048ab-dfa9-4ef3-b202-231b255926b2,rusty.cars,available,1999.99,2199,high,low,5,namesilo,,,04/09/2026 18:46
d6219deb-982f-4716-a17b-570980d603be,multilayer.cars,available,2070,2950,medium,low,10,namecheap,,,02/10/2026 01:55
5de13e84-dd53-42f4-a805-425a54b72eeb,musk.cars,available,1999.99,2199,high,low,4,namesilo,,,02/10/2026 05:56
ebb393de-8bbd-4177-952c-b4e9f0c00b20,pedigree.cars,available,1999.99,2199,high,low,8,namesilo,,,08/09/2026 13:15
126afbae-2236-4e19-bf9d-a28895343803,goddamn.cars,available,1999.99,2199,medium,low,7,namesilo,,,10/08/2026 12:46
016b0f87-cde3-453e-a6c2-ee8d35153758,amundsen.cars,available,1999.99,2199,medium,low,8,namesilo,,,19/09/2026 00:12
7cb40437-4aeb-41f0-afe3-1f2bc0703854,ivan.cars,available,2070,2950,high,low,4,namecheap,,,25/09/2026 12:04
76d8af32-cac1-459c-9c76-542e6aceb08f,escaped.cars,available,1999.99,2199,medium,low,7,namesilo,,,07/08/2026 11:22
ced22263-b443-4be3-9874-b01b4884d1a8,final.cars,available,2070,2950,high,low,5,namecheap,,,30/09/2026 19:09
5931c093-3821-46b5-90de-e8e66321968c,innocent.cars,available,1999.99,2199,high,low,8,namesilo,,,12/08/2026 10:16
652d8120-4fd2-4a3b-9712-cbebe3594443,makeover.cars,available,1999.99,2199,high,low,9,namesilo,,,02/10/2026 05:42
3c29d821-d856-4945-bd92-832730564f4e,contamination.cars,available,1999.99,2199,medium,low,13,namesilo,,,29/09/2026 22:52
578388c0-32fb-4b60-95c3-32a293911cb2,ilama.cars,available,2070,2950,medium,low,5,namecheap,,,19/09/2026 10:33
c24fbf41-5b1a-4e00-a379-946cc532e5cb,fireman.cars,available,1999.99,2199,high,low,7,namesilo,,,29/09/2026 06:56
1a8c1352-9522-45cd-a75e-ace85152bfe3,costal.cars,available,1999.99,2199,medium,low,6,namesilo,,,13/08/2026 03:04
140ddffb-ceaf-4102-8c51-69ebfdf8edf9,desired.cars,available,1999.99,2199,high,low,7,namesilo,,,24/09/2026 00:57
66137102-8dab-447f-a4e1-f5006315b7ec,evidenced.cars,available,1999.99,2199,high,low,9,namesilo,,,17/08/2026 15:00
dd142929-3ad9-4257-af1d-e230586a6430,candy.cars,available,1999.99,2199,high,low,5,namesilo,,,01/10/2026 07:39
f0640758-54ca-493c-bef1-6acdb9ee6864,climber.cars,available,1999.99,2199,high,low,7,namesilo,,,24/09/2026 15:39
d71f05c4-efb3-443d-a446-3e7a979ce654,der.cars,available,1863.2,2064.2,medium,low,3,spaceship,,,28/09/2026 20:56
b0be5ffc-9270-42f6-bba4-6a98931706f9,modification.cars,available,1863.2,2064.2,high,low,12,spaceship,,,29/09/2026 22:49
a9ef7d82-8030-42ce-90ac-ac2213dc6675,sigmoidal.cars,available,1999.99,2199,high,medium,9,namesilo,,,10/09/2026 07:59
c6c47c3f-757c-4e14-a6e6-3658b481bd65,squirrels.cars,available,2140.22,2140.22,medium,low,9,dynadot,,,29/09/2026 23:34
a5b7c839-06c6-4523-ae8c-9a9528f56458,muse.cars,available,2140.22,2140.22,high,medium,4,dynadot,,,29/09/2026 13:29
c80f3c6e-e1d5-4269-bd87-67ed8b3ae23e,leah.cars,available,1999.99,2199,high,low,4,namesilo,,,27/09/2026 07:15
d755795c-fe3b-4c1e-bfcc-d26f483c5394,threatened.cars,available,1999.99,2199,medium,low,10,namesilo,,,11/09/2026 14:13
0801a9fe-8632-4a76-9baf-ec3eb0cd119f,curtailing.cars,available,1863.2,2064.2,medium,low,10,spaceship,,,03/10/2026 03:36
1b77c0d9-df49-4c3e-ba82-fd86b6f6b1fc,mathematician.cars,available,2140.22,2140.22,high,low,13,dynadot,,,30/09/2026 03:33
fd4ff614-6a35-4464-b392-5f630344050a,khrushchev.cars,available,1999.99,2199,medium,low,10,namesilo,,,03/10/2026 01:25
1c0476d4-28e1-4b06-8f34-cea19ebf1e93,verb.cars,available,1999.99,2199,high,low,4,namesilo,,,30/09/2026 14:26
8a9205d5-d31f-4883-8e66-7297b98ca12c,batsman.cars,available,1999.99,2199,medium,low,7,namesilo,,,22/09/2026 14:19
67bfb60a-513a-41e3-829a-e80c762bb14f,itchy.cars,available,2070,2950,medium,low,5,namecheap,,,05/08/2026 20:43
4c9d5ed2-d3c4-481a-989d-5b1b4a0926f4,opium.cars,available,2060.25,2064.19,medium,low,5,porkbun,,,29/09/2026 01:45
f411a3ca-7746-45df-ab26-3c72497bd9f2,spaghetti.cars,available,1863.2,2064.2,high,low,9,spaceship,,,28/09/2026 15:23
f82c8bf3-424a-4558-a8d3-d125f10dd784,radcliffe.cars,available,2070,2950,medium,low,9,namecheap,,,27/09/2026 07:53
d14c5163-f67c-436f-ac72-6940642748ba,gripping.cars,available,1999.99,2199,high,low,8,namesilo,,,21/09/2026 15:05
75acde06-7c39-4967-872f-374a34957893,aristophanes.cars,available,1863.2,2064.2,medium,low,12,spaceship,,,02/10/2026 00:26
49b14586-023f-4786-9357-1797aa601f7e,tuxedo.cars,available,1999.99,2199,high,low,6,namesilo,,,24/09/2026 01:52
a666ee37-4b7a-4faa-ab0b-df6b2f6289bf,inhibited.cars,available,1999.99,2199,medium,low,9,namesilo,,,22/08/2026 05:07
d51a95c4-37c1-4926-a6d8-c96051f58cde,leukemia.cars,available,1999.99,2199,medium,low,8,namesilo,,,24/09/2026 11:59
aa754782-038f-4e6f-992e-50769d62f2fb,brookline.cars,available,1999.99,2199,medium,low,9,namesilo,,,29/09/2026 10:05
ccd3b148-bf72-4492-858f-d373f667b7f8,steerable.cars,available,1999.99,2199,high,low,9,namesilo,,,14/08/2026 09:00
9eebbd1e-85b5-4c32-9d98-560b23266473,provincetown.cars,available,1999.99,2199,medium,low,12,namesilo,,,30/09/2026 22:22
84fd063b-21f8-4406-8085-617a141be835,aquarius.cars,available,1999.99,2199,high,low,8,namesilo,,,19/09/2026 23:03
adb479a2-a3b3-4ad2-bea5-e1ce76244db1,suns.cars,available,1863.2,2064.2,high,low,4,spaceship,,,30/09/2026 22:24
ddeb6bcc-842e-4b11-940d-5381b6d87918,cognizant.cars,available,1999.99,2199,high,low,9,namesilo,,,08/08/2026 00:13
1122e45b-d427-4fd9-9853-200ece268df4,ignorance.cars,available,1863.2,2064.2,medium,low,9,spaceship,,,28/09/2026 10:08
949712c0-120d-4cd8-bda6-231d41a6aeef,coleridge.cars,available,1863.2,2064.2,medium,low,9,spaceship,,,28/09/2026 09:24
ec53bb72-68bd-47f0-bb1b-2235f2ab2029,climax.cars,available,1999.99,2199,high,low,6,namesilo,,,24/09/2026 15:38
ab076ae8-0f15-4185-a224-4223e9ca5499,probation.cars,available,1863.2,2064.2,medium,low,9,spaceship,,,28/09/2026 10:46
318ab6f9-a76a-43bd-9dd2-47ee42510476,rams.cars,available,1863.2,2064.2,high,low,4,spaceship,,,30/09/2026 20:33
ecb91d7b-fcb8-48a2-bdb9-bd76b2a41ca4,practicality.cars,available,1999.99,2199,high,low,12,namesilo,,,16/09/2026 09:33
d520dd94-e46e-4078-944a-febb4d757374,azonic.cars,available,1999.99,2199,medium,low,6,namesilo,,,08/08/2026 02:32
1a46faa6-abcf-4672-a3eb-d8cffaa2db3a,embarrassment.cars,available,1999.99,2199,medium,low,13,namesilo,,,28/09/2026 12:29
ff9da47d-aa64-44c7-bc78-011405fc87c0,playing.cars,available,1999.99,2199,high,low,7,namesilo,,,02/10/2026 00:28
7e4ad31f-422f-4cfa-ac1c-41f50db9b3d8,bombast.cars,available,1999.99,2199,medium,low,7,namesilo,,,24/09/2026 03:35
00578bb8-2398-4a74-b53a-195854ff7332,rallies.cars,available,1999.99,2199,medium,low,7,namesilo,,,02/10/2026 02:59
b9ffc552-4ba0-43a8-8adf-34bf820d5b2a,atlantic.cars,available,1999.99,2199,high,low,8,namesilo,,,07/08/2026 13:38
6136a226-8f72-4f14-974c-127321000544,handling.cars,available,1999.99,2199,high,low,8,namesilo,,,25/09/2026 23:04
b299b6ab-010d-4968-9996-0e26ab82c051,yearbook.cars,available,2140.22,2140.22,high,low,8,dynadot,,,02/10/2026 16:06
5ede1fa2-155c-4c9a-9515-0a9efc5f65f7,pictorial.cars,available,1999.99,2199,high,low,9,namesilo,,,23/08/2026 01:46
4084567b-992d-4f49-8066-58f3d94be68a,pth.cars,available,2070,2950,high,low,3,namecheap,,,01/10/2026 06:57
aca32a68-d5d3-40e4-9597-9475ca912e51,alarming.cars,available,1999.99,2199,medium,low,8,namesilo,,,
c2d13b67-0432-415e-97c9-99776f47ef22,lawsuits.cars,available,1863.2,2064.2,medium,low,8,spaceship,,,29/09/2026 11:39
b5218b77-15c6-42a2-8852-ad28602f7cca,paean.cars,available,1999.99,2199,high,low,5,namesilo,,,05/09/2026 00:45
abedaaa8-45c1-4138-8a3f-cfe66eb1d892,marrying.cars,available,1863.2,2064.2,high,low,8,spaceship,,,27/09/2026 17:47
dd401e03-fb20-4c16-a726-0cc47e26e148,speedy.cars,available,2070,2950,high,low,6,namecheap,,,09/09/2026 08:40
6f68e091-bc1c-4d46-af90-e285e2e53158,germanium.cars,available,2070,2950,medium,low,9,namecheap,,,20/09/2026 22:51
2d5bb6ef-3819-4a4b-970f-df2e5032aade,singular.cars,available,1999.99,2199,high,low,8,namesilo,,,13/08/2026 11:18
59c2e43c-c739-4ebc-b5aa-28d6ff8f5b2a,censored.cars,available,1999.99,2199,medium,low,8,namesilo,,,11/08/2026 23:47
d0cc719f-9f88-4dae-bd46-b3e9fc1412e0,farthest.cars,available,1999.99,2199,medium,low,8,namesilo,,,24/09/2026 17:05
8d4d3d86-e66e-4e4a-a633-099493d8ae72,federalism.cars,available,1863.2,2064.2,high,low,10,spaceship,,,29/09/2026 12:14
739ea6b3-56e7-4891-9645-466e004af32d,folksy.cars,available,1999.99,2199,medium,low,6,namesilo,,,13/08/2026 04:22
18d160ec-95df-4273-a934-b9db7241c67b,converse.cars,available,1999.99,2199,high,high,8,namesilo,,,23/09/2026 22:49
3356718d-f2f7-427e-99af-55e1aa975e60,alate.cars,available,1999.99,2199,medium,low,5,namesilo,,,
a148c67f-0833-4a8e-bd3d-5e954b908251,pail.cars,available,1863.2,2064.2,medium,low,4,spaceship,,,29/09/2026 04:55
19e3fcaf-45b1-4a02-a809-4e8bd2df4900,squid.cars,available,1999.99,2199,high,low,5,namesilo,,,29/09/2026 06:11
f4ce62c0-cc69-49e4-8b42-06d9676d535a,vowed.cars,available,1999.99,2199,high,low,5,namesilo,,,29/09/2026 23:41
7bd6d133-cbe1-4ac1-913a-c32e56e83009,canberra.cars,available,1999.99,2199,high,low,8,namesilo,,,21/09/2026 04:47
e59e2f6c-0224-47e9-b70d-de7a675a1600,bear.cars,available,1863.2,2064.2,high,medium,4,spaceship,,,29/09/2026 01:42
cb9e9283-c24c-4aa1-a399-bb85a1971816,thanking.cars,available,2070,2950,high,low,8,namecheap,,,30/09/2026 12:18
19ae4859-0167-4aec-862c-e1eebf07bf7c,bestowal.cars,available,1999.99,2199,medium,low,8,namesilo,,,23/09/2026 10:39
7afa9af9-db76-4f79-84d0-0ec42d93e4cf,barbu.cars,available,1999.99,2199,medium,low,5,namesilo,,,22/09/2026 05:04
8162af0c-f6db-4613-b84e-43fc8fdb142d,spicy.cars,available,1999.99,2199,high,low,5,namesilo,,,24/09/2026 22:14
ac5753b2-a3dd-49f2-8fa4-0069897c8530,rampantly.cars,available,1999.99,2199,medium,low,9,namesilo,,,13/09/2026 11:58
06915a3e-6a6b-416c-a9bc-bc6e20cb5de6,toes.cars,available,1999.99,2199,medium,low,4,namesilo,,,17/09/2026 01:11
6435ea1c-b788-4d4b-b1ba-a38d03400a9f,vick.cars,available,2070,2950,medium,low,4,namecheap,,,01/10/2026 10:25
986f9972-cde1-4fd8-9f64-c25f1c95a5e1,vii.cars,available,1999.99,2199,high,low,3,namesilo,,,
2b8ca1c3-99ac-40f8-8fa0-3f5591000b64,suffering.cars,available,1999.99,2199,high,low,9,namesilo,,,25/08/2026 01:27
ea6fa37e-afb4-4cfd-a17a-c862c06397ff,newhouse.cars,available,2140.22,2140.22,high,low,8,dynadot,,,02/10/2026 01:30
35536f94-f59f-44d2-a77f-8a3a833554e9,physiology.cars,available,2060.25,2064.19,high,low,10,porkbun,,,29/09/2026 19:59
80adb3a8-b002-4537-abdb-4350e449e54e,clxx.cars,available,1999.99,2199,medium,low,4,namesilo,,,
ec0b08b0-4474-420c-936e-6be7a7377af0,motherwell.cars,available,1863.2,2064.2,medium,low,10,spaceship,,,30/09/2026 18:05
3b91406c-82c9-4d4e-ac36-58dd3bafd164,dion.cars,available,1999.99,2199,medium,low,4,namesilo,,,28/09/2026 09:08
30451da8-8a4d-42dc-af71-3f260010508e,barbecued.cars,available,1999.99,2199,medium,low,9,namesilo,,,08/08/2026 16:25
3f8f61e3-1266-41af-9449-fc3784564669,sewage.cars,available,1863.2,2064.2,medium,low,6,spaceship,,,30/09/2026 02:49
0b446131-70e5-48ca-8620-8a8ef4f82ad7,auricular.cars,available,2070,2950,medium,low,9,namecheap,,,07/08/2026 17:46
34901f00-06e9-4872-83ef-8043c17e641a,vegan.cars,available,1999.99,2199,high,medium,5,namesilo,,,30/09/2026 14:24
cdd24c07-5cee-4998-9857-4da9a0e6da49,kitchens.cars,available,1999.99,2199,medium,low,8,namesilo,,,02/10/2026 03:24
89bf7b10-97a4-45bd-8d05-13f5b65a03c1,finger.cars,available,2070,2950,high,low,6,namecheap,,,25/09/2026 06:02
4c65b236-ad1f-413d-9392-51b53d60b9dd,apar.cars,available,1999.99,2199,medium,low,4,namesilo,,,19/09/2026 16:14
561527e0-d35d-4514-ad70-6d09d94a1896,expressions.cars,available,1863.2,2064.2,medium,low,11,spaceship,,,30/09/2026 06:00
e08324cb-ee22-46bc-9c7a-6a1adf50106a,acorea.cars,available,1999.99,2199,medium,low,6,namesilo,,,17/09/2026 02:12
70400598-3df9-4445-af80-b4b81a597409,circumstances.cars,available,1999.99,2199,medium,low,13,namesilo,,,27/09/2026 02:27
b6917373-67fc-4bd2-b843-ff26013a636f,spit.cars,available,2070,2950,medium,low,4,namecheap,,,15/09/2026 20:17
6dffa459-fc41-4427-bcc6-7a0443656d97,thrilled.cars,available,1999.99,2199,high,low,8,namesilo,,,11/09/2026 14:36
d98e96e7-b2b1-48b9-9679-422b46847984,habit.cars,available,1999.99,2199,high,low,5,namesilo,,,25/09/2026 05:00
f751ccd4-952e-46b5-88fd-2ec6abc7a418,caesium.cars,available,2070,2950,medium,low,7,namecheap,,,20/09/2026 23:16
84254328-a5a6-4433-b797-7dd4496eddc2,misty.cars,available,1999.99,2199,high,low,5,namesilo,,,11/08/2026 06:51
3e399a0f-2699-491c-814e-2e1633ba4962,assumed.cars,available,1999.99,2199,medium,low,7,namesilo,,,07/08/2026 07:45
e4b18b65-fac2-43b8-9a3d-0f2f5687fdb1,craftsman.cars,available,1999.99,2199,high,low,9,namesilo,,,20/09/2026 11:49
8074b923-8e6c-407c-9b70-a8827d71502c,gloves.cars,available,1999.99,2199,high,low,6,namesilo,,,25/09/2026 19:42
944596b8-abe9-4da9-9ee6-bcc4b7be841d,whooping.cars,available,1999.99,2199,high,low,8,namesilo,,,01/10/2026 22:49
27b8e025-e403-4c58-8444-3feff6160caa,hourly.cars,available,1999.99,2199,high,low,6,namesilo,,,25/09/2026 00:10
b3fc7a4b-7b3c-4bf3-b1b9-7a1556cf6037,hugely.cars,available,1999.99,2199,medium,low,6,namesilo,,,14/09/2026 15:49
019a6222-f885-49aa-b53f-cb140e47c061,iloilo.cars,available,1999.99,2199,medium,low,6,namesilo,,,01/10/2026 12:16
02ecfa3e-531c-4cf8-ad10-afcf767b31f0,sorting.cars,available,1863.2,2064.2,high,low,7,spaceship,,,30/09/2026 02:57
e1ddf355-89b1-456c-b0c1-9fc5538fcb62,coincident.cars,available,1999.99,2199,medium,low,10,namesilo,,,12/08/2026 13:18
4b13780f-274b-4fb1-93a6-8268ccfea3c7,twelfth.cars,available,1999.99,2199,high,low,7,namesilo,,,
576a5e65-3097-4b12-84dd-c362878d9814,colton.cars,available,1863.2,2064.2,medium,low,6,spaceship,,,29/09/2026 00:04
f9d98fc9-169d-462a-af6d-18879c948436,emphasise.cars,available,2070,2950,high,low,9,namecheap,,,16/09/2026 21:53
d3c8a6b1-9b0d-46da-a9ad-54a79a5289df,liars.cars,available,1863.2,2064.2,medium,low,5,spaceship,,,01/10/2026 17:54
37a1123a-2814-4c75-ba15-6770aab484be,sunless.cars,available,1999.99,2199,medium,low,7,namesilo,,,12/08/2026 12:31
fad05028-d8e4-4a3e-a63b-4ad1f3e2404d,glanced.cars,available,1999.99,2199,medium,low,7,namesilo,,,18/09/2026 01:59
b3faada3-894f-4f65-bf71-fec2a89f3770,comma.cars,available,1999.99,2199,high,low,5,namesilo,,,24/09/2026 16:27
337cb069-0bf4-4cf6-b8f0-fdb3cadfe0d7,durban.cars,available,1863.2,2064.2,high,low,6,spaceship,,,28/09/2026 09:32
a15474f6-9a8a-48da-8d5b-07c26d0ac17e,hills.cars,available,2999.99,3799.99,high,low,5,name.com,,,17/09/2026 17:53
f9fc6b25-03e1-4453-8ccb-4997bf291541,hoggish.cars,available,1999.99,2199,low,low,7,namesilo,,,21/08/2026 10:16
8b3e14a4-2d7a-4e76-a0d6-d6c860af547e,heroic.cars,available,1999.99,2199,high,low,6,namesilo,,,24/09/2026 14:31
1512dbe9-4cc4-4b84-b6e0-16fa1f1927f5,shows.cars,available,1999.99,2199,high,low,5,namesilo,,,18/09/2026 14:42
a4db5949-443a-4790-ab73-ff3258daf838,unison.cars,available,1999.99,2199,high,low,6,namesilo,,,02/10/2026 06:36
723641e1-2ee2-45cf-8667-1a2e55e14a28,machines.cars,available,1863.2,2064.2,high,low,8,spaceship,,,01/10/2026 04:58
cafb3d1d-22f4-4aa2-a423-146366d80385,countryside.cars,available,1999.99,2199,high,low,11,namesilo,,,28/09/2026 15:50
84a040f5-fe62-4ffd-ba16-7abb0fe7e83e,cromer.cars,available,1863.2,2064.2,medium,low,6,spaceship,,,02/10/2026 20:37
a1df65fc-5983-4fc2-85c9-56e824ac3235,facilities.cars,available,2140.22,2140.22,high,low,10,dynadot,,,01/10/2026 18:10
2e9ea049-db30-4eca-b1ce-77b02a707c90,sozzled.cars,available,1999.99,2199,low,low,7,namesilo,,,09/08/2026 16:23
9112453d-2951-4e0a-8f40-d6437d44db33,genome.cars,available,1863.2,2064.2,high,low,6,spaceship,,,02/10/2026 15:28
d9b06280-6c08-4765-835e-9ce96f959ba0,portsmouth.cars,available,1999.99,2199,high,low,10,namesilo,,,25/09/2026 10:02
c445c339-29c9-4396-9eee-caa4ebdd33aa,unhearing.cars,available,2999.99,3799.99,medium,low,9,name.com,,,13/08/2026 19:50
7b9b0332-3963-47f9-86ab-b6202a5c1af6,tune.cars,available,1999.99,2199,high,low,4,namesilo,,,30/09/2026 04:16
8fdf4f08-89ec-4dc5-8f5b-31cd503695ed,listens.cars,available,2070,2950,medium,low,7,namecheap,,,29/09/2026 11:31
4497f3c0-12f9-456f-9399-9b56c8a19cd4,litigate.cars,available,1999.99,2199,medium,low,8,namesilo,,,17/09/2026 05:06
7b1e90c4-b4e6-4b1c-a2f9-e5dd88777df8,turks.cars,available,1999.99,2199,medium,low,5,namesilo,,,29/09/2026 16:41
76d54542-bbfa-48ec-acf3-047b5dcbddef,reservation.cars,available,1999.99,2199,high,low,11,namesilo,,,16/09/2026 11:10
658a11ca-7b98-4adf-923b-9f429cf5a0c9,enlist.cars,available,1863.2,2064.2,high,low,6,spaceship,,,29/09/2026 20:42
e06284d0-4efd-4a27-9168-1c11f00a4feb,vexed.cars,available,1999.99,2199,medium,low,5,namesilo,,,21/08/2026 00:15
0c944bf1-1bd9-4208-bd79-e4cbde98f68a,spangled.cars,available,2070,2950,high,low,8,namecheap,,,18/08/2026 21:17
e9ab8003-1baa-4063-821b-8671f441090a,development.cars,available,2060.25,2064.19,high,low,11,porkbun,,,01/10/2026 02:46
844cd797-2904-46ea-b04a-796d66c1f60e,needle.cars,available,1999.99,2199,high,low,6,namesilo,,,28/09/2026 17:37
83fa0e22-960c-4565-94c4-a6ad72869b45,georgina.cars,available,1863.2,2064.2,medium,low,8,spaceship,,,29/09/2026 21:55
f5322724-8c33-408f-a9f7-7b3a65b898a3,ormond.cars,available,1999.99,2199,medium,low,6,namesilo,,,29/09/2026 15:48
3ba2653c-d7ff-4245-a21f-91a0c5628933,gracile.cars,available,2070,2950,high,low,7,namecheap,,,20/08/2026 17:29
205f867d-1bb0-49dd-a9f0-500be03b45c8,miotic.cars,available,1999.99,2199,medium,low,6,namesilo,,,25/08/2026 01:00
7b8248be-5e3e-416c-b638-d9dc9fd352c6,makeshift.cars,available,1999.99,2199,high,low,9,namesilo,,,21/08/2026 23:21
fa3aed1b-e078-4b85-bc63-e10e69683760,laudable.cars,available,1999.99,2199,medium,low,8,namesilo,,,06/08/2026 07:01
c7d0c9f5-1419-4580-ba24-f55ca2edd7ad,ropy.cars,available,2070,2950,high,medium,4,namecheap,,,09/09/2026 18:37
99160b36-90f0-4c35-8bab-2292dc62bd2e,altimeter.cars,available,1999.99,2199,medium,low,9,namesilo,,,18/09/2026 14:58
5e8754e8-a5dd-4d9a-ae8f-099939259cbc,unfold.cars,available,1999.99,2199,high,low,6,namesilo,,,30/09/2026 03:13
2b604b3a-eb4d-49c4-ae83-77e6c2c830f6,smuggle.cars,available,1999.99,2199,high,low,7,namesilo,,,01/10/2026 22:13
edeb087f-69c6-4d19-b38f-baf8bcf47384,apoptosis.cars,available,2070,2950,medium,low,9,namecheap,,,19/09/2026 19:14
1c1b05ff-ef6d-4ab1-a0d4-4ae7e9929957,chlorine.cars,available,1999.99,2199,high,low,8,namesilo,,,12/08/2026 09:10
0721b364-acbf-4fe0-a9bb-9b8af6ee7d9c,dearie.cars,available,2999.99,3799.99,high,low,6,name.com,,,13/08/2026 18:19
a0117f1b-4a75-4ff7-abc9-532339f9b19a,basingstoke.cars,available,1999.99,2199,medium,low,11,namesilo,,,02/10/2026 00:03
c84f503b-e4bc-478b-95ac-4a51e150816d,despair.cars,available,1999.99,2199,medium,low,7,namesilo,,,28/09/2026 09:31
a417ade2-5edf-49cb-8b78-c55a17492f02,mcp.cars,available,1999.99,2199,high,medium,3,namesilo,,,02/10/2026 07:29
27dc565d-7c10-4117-80e8-49319c3f86a4,diaz.cars,available,1999.99,2199,high,low,4,namesilo,,,22/09/2026 09:18
24e319be-d73b-4b82-ad90-888970b7cff0,selfemployed.cars,available,1863.2,2064.2,high,low,13,spaceship,,,02/10/2026 13:54
c08c218c-131f-49a6-ad06-c3d013fd3d43,whammy.cars,available,1999.99,2199,medium,low,6,namesilo,,,21/08/2026 07:39
0b97d961-1c3f-4070-ad54-f56043cf1d41,decidedly.cars,available,1999.99,2199,medium,low,9,namesilo,,,14/09/2026 02:04
150644b2-4148-4fbc-b619-c19649f4c3e3,master.cars,available,1999.99,2199,high,low,6,namesilo,,,25/09/2026 17:15
6e9d8b5b-e2d4-4ef6-ac81-07e8016d7aad,hangdog.cars,available,1999.99,2199,medium,low,7,namesilo,,,20/08/2026 23:41
35b6a4b5-5a8d-45eb-87c4-f09753f6c7c1,cloudless.cars,available,1999.99,2199,high,low,9,namesilo,,,12/08/2026 12:32
dde97425-819f-4823-8d92-4e7d1a12dbf3,obliging.cars,available,2070,2950,high,low,8,namecheap,,,12/08/2026 19:27
ddd34d11-76f1-4c23-aa07-7c27682307dd,pliability.cars,available,1999.99,2199,medium,low,10,namesilo,,,23/09/2026 07:42
8ed0c751-e17f-4339-82ef-6201e650206e,transmitted.cars,available,1999.99,2199,high,low,11,namesilo,,,16/09/2026 07:54
59346924-85e7-4229-aca8-edc8587fd1a4,hua.cars,available,1999.99,2199,high,low,3,namesilo,,,18/09/2026 01:18
8276e8dd-4236-44f2-9ce0-57db4fdf559e,amateur.cars,available,1863.2,2064.2,high,low,7,spaceship,,,01/10/2026 20:01
5fc2005b-8f0e-4d07-8086-e230da02de34,respects.cars,available,2140.22,2140.22,high,low,8,dynadot,,,30/09/2026 09:58
ea245760-9018-4576-a5d5-2b8b6677478a,wisely.cars,available,1999.99,2199,high,low,6,namesilo,,,16/09/2026 00:29
e961d3c7-9f01-4911-a952-9ee9dd961a1a,uncommon.cars,available,1999.99,2199,high,low,8,namesilo,,,12/09/2026 05:57
3f737af5-c8eb-4ca0-9ea8-63a6eacfe566,appliance.cars,available,2070,2950,high,low,9,namecheap,,,19/09/2026 21:44
c2ef3a77-13a3-4a6d-b1fe-c4d3a752f98a,snuck.cars,available,1999.99,2199,medium,low,5,namesilo,,,20/09/2026 23:46
0c8c1fc5-7371-4b44-99db-54e98527ff58,cloaked.cars,available,1999.99,2199,high,low,7,namesilo,,,12/08/2026 11:28
de844f1e-b22d-4119-b2e6-3701774467a7,utopian.cars,available,1999.99,2199,high,low,7,namesilo,,,13/09/2026 00:12
b14b7ee3-385b-43fc-b8b5-c62e4166d00e,voip.cars,available,1863.2,2064.2,high,low,4,spaceship,,,01/10/2026 22:33
8d49cebe-186a-4dd6-9ef6-1fec736085ea,pareto.cars,available,1863.2,2064.2,high,low,6,spaceship,,,30/09/2026 18:17
5e599071-1043-4748-b90c-498c8e846399,chronology.cars,available,1863.2,2064.2,high,low,10,spaceship,,,02/10/2026 14:38
e2254ef6-db3b-43eb-abe6-97a34f8b72c2,ipa.cars,available,1863.2,2064.2,high,low,3,spaceship,,,29/09/2026 09:21
b1ac6fdd-a934-4ab9-9b6b-acdd6e171f6a,amort.cars,available,2070,2950,medium,low,5,namecheap,,,
a5d6d56e-c3b6-4acd-a732-6245270c8c6f,acanthus.cars,available,2070,2950,medium,low,8,namecheap,,,16/09/2026 21:02
7a7c4f09-c1f6-493c-b563-9684e100b0a4,means.cars,available,1999.99,2199,high,low,5,namesilo,,,30/09/2026 04:10
cd67fdec-1a81-4a07-afd9-f2104c23d6e2,eject.cars,available,1999.99,2199,high,low,5,namesilo,,,01/10/2026 03:53
82d2a761-7086-4bc6-a0b1-b8049e914928,hobby.cars,available,1999.99,2199,high,low,5,namesilo,,,21/09/2026 09:40
8f02432e-e423-4f76-855d-290677db21dc,inheriting.cars,available,1999.99,2199,high,low,10,namesilo,,,22/08/2026 05:04
0b702f80-aa9d-4a38-8c09-96998c459b2b,twins.cars,available,1999.99,2199,high,medium,5,namesilo,,,25/09/2026 06:26
9bb69ed7-7bb2-4314-a3fb-53ef672eaa6a,blink.cars,available,2070,2950,high,medium,5,namecheap,,,22/09/2026 22:02
b9f5a9a8-3e1d-4d82-9d1d-8bc2d10c15b8,ruining.cars,available,1863.2,2064.2,medium,low,7,spaceship,,,29/09/2026 19:30
f616e91d-84f7-403b-8826-6e28b38f08c0,disappeared.cars,available,2070,2950,medium,low,11,namecheap,,,25/09/2026 18:22
47012984-3f3f-4ce4-84bd-1a7a1a32c05b,raven.cars,available,1999.99,2199,high,medium,5,namesilo,,,28/09/2026 09:27
927d9f89-4170-49eb-aecc-f61c8e37f564,freaks.cars,available,1863.2,2064.2,medium,low,6,spaceship,,,30/09/2026 00:34
9816e67a-541d-4e3f-a3e5-68f80640fd75,acquiesce.cars,available,1999.99,2199,medium,low,9,namesilo,,,20/09/2026 16:11
cd2b862c-04af-43e6-ae37-31b7e38e334b,hermon.cars,available,2140.22,2140.22,medium,low,6,dynadot,,,02/10/2026 10:15
22b344ed-05ab-4761-9d75-edc757f7687b,rhyme.cars,available,1863.2,2064.2,high,low,5,spaceship,,,28/09/2026 15:15
1d59611d-2e8d-400e-b2ec-b8c7134fdc10,hieratic.cars,available,1999.99,2199,medium,low,8,namesilo,,,21/08/2026 08:24
b2c2cda1-023a-44d1-ad3f-a0d8148f3595,newspaper.cars,available,1999.99,2199,high,low,9,namesilo,,,30/09/2026 05:38
9f1b6cc0-fdf3-4f26-8ebc-6596630f7cf1,junior.cars,available,1999.99,2199,high,low,6,namesilo,,,25/09/2026 12:12
e1a9e091-5d81-4c7d-a66e-caa4869b0f43,agnosia.cars,available,1999.99,2199,medium,low,7,namesilo,,,17/09/2026 18:46
6560eab5-c5cf-4d94-abde-3e5d17641b5d,fever.cars,available,1863.2,2064.2,high,low,5,spaceship,,,29/09/2026 19:05
3c99320c-3867-4c36-b660-76433e6b29b9,jamesian.cars,available,1999.99,2199,medium,low,8,namesilo,,,22/08/2026 12:13
1e1331e2-b24c-409d-a0f1-ad9ea21bd5ae,leggy.cars,available,1999.99,2199,medium,low,5,namesilo,,,22/08/2026 22:57
d7a39193-27f3-4a75-881b-26c070defd8b,elam.cars,available,2519.99,3999.99,medium,low,4,godaddy,,,30/09/2026 01:29
d6d5db5a-9a8c-4de7-bccc-7cb2b1a818d4,kinder.cars,available,1863.2,2064.2,high,medium,6,spaceship,,,01/10/2026 11:41
587c9650-53e6-4b63-b17a-a154bde3abd7,wing.cars,available,1999.99,2199,high,low,4,namesilo,,,22/09/2026 15:49
05b1ced5-8f8d-49cd-aaa7-a093d81d751c,numeral.cars,available,1999.99,2199,high,low,7,namesilo,,,03/09/2026 22:50
cb99e21a-e1f3-4126-97aa-d997e1d9ef80,praiseful.cars,available,2070,2950,medium,low,9,namecheap,,,22/08/2026 20:51
7534ef38-8a23-45f5-b8bb-4fde8f919293,doxepin.cars,available,1999.99,2199,medium,low,7,namesilo,,,17/09/2026 06:25
8fc69137-cd0c-4719-b274-f1a0d3c90fed,blunted.cars,available,1999.99,2199,medium,low,7,namesilo,,,10/08/2026 16:17
3cac088a-cf83-44d3-98f7-56e87611f86f,activate.cars,available,1999.99,2199,high,low,8,namesilo,,,28/09/2026 06:46
95396ec5-5e5f-402a-9041-f96f6d1f3016,aec.cars,available,1999.99,2199,high,low,3,namesilo,,,17/09/2026 12:04
d5cd7255-17ad-46a2-ab30-f35f0b17e614,weekends.cars,available,1999.99,2199,high,low,8,namesilo,,,20/09/2026 22:23
be4924c6-4a12-415a-acce-b16f94fe4761,capitate.cars,available,2070,2950,medium,low,8,namecheap,,,11/08/2026 17:57
257ece38-ec74-4043-a4e0-dad4729c461d,calamus.cars,available,1999.99,2199,medium,low,7,namesilo,,,17/09/2026 02:27
a64541f9-db98-4478-9221-f51558ead512,len.cars,available,1999.99,2199,medium,low,3,namesilo,,,27/09/2026 01:38
bc31f064-0d49-48d7-9ae6-146a83db03b2,keypress.cars,available,2950,,medium,low,9,namecheap,,,
5a43dd60-d53f-4c9a-9acc-e95959e07344,wheels.cars,available,1999.99,2199,high,low,6,namesilo,,,17/09/2026 12:21
fc335ad7-1104-40f2-b844-dc9f94e81737,sport.cars,available,1999.99,2199,high,medium,5,namesilo,,,25/09/2026 22:38
9b38b476-99be-46e8-8ece-8759a8f783b0,polished.cars,available,1999.99,2199,high,low,8,namesilo,,,24/08/2026 23:10
7cb487ee-86fb-497b-9e8e-fc61a7f491c9,replaces.cars,available,1999.99,2199,medium,low,8,namesilo,,,20/09/2026 05:35
0829dbab-6dd5-43e8-b0f1-ad61bdd63a41,nathaniel.cars,available,1999.99,2199,medium,low,9,namesilo,,,25/09/2026 14:50
bf31320c-408f-4f82-a78d-a0feed8b3dad,dice.cars,available,1999.99,2199,high,low,4,namesilo,,,29/09/2026 14:49
51e381dd-1450-4b37-842c-339a6c3469d4,dakota.cars,available,1863.2,2064.2,high,low,6,spaceship,,,28/09/2026 13:51
b0fbefe1-3bf8-49ce-a546-174bf895018c,kennedy.cars,available,1999.99,2199,high,low,7,namesilo,,,25/09/2026 23:14
67e698a0-91aa-4817-9d58-1332dcefcbfd,humans.cars,available,1863.2,2064.2,high,medium,6,spaceship,,,29/09/2026 23:22
1e26f4e0-f930-4e9c-bfaf-b7a4b4075732,cubist.cars,available,1999.99,2199,high,low,6,namesilo,,,13/08/2026 10:03
400a47cf-5937-4595-be87-72a695898bf7,callaghan.cars,available,1999.99,2199,medium,low,9,namesilo,,,29/09/2026 09:50
b2b870da-d674-422e-98b2-8f55f9fdfb6b,flop.cars,available,1999.99,2199,high,low,4,namesilo,,,23/09/2026 12:03
fd0d9826-93bc-412d-a050-7f80794d726e,conformity.cars,available,1999.99,2199,high,low,10,namesilo,,,16/09/2026 15:32
2c171b49-7fbc-4e72-a328-01d660366cdd,convolve.cars,available,1999.99,2199,medium,low,8,namesilo,,,13/08/2026 00:01
70c26427-172c-46c8-9c59-8c906a2bda54,magician.cars,available,1999.99,2199,high,low,8,namesilo,,,24/09/2026 17:20
893b5cd2-b07b-42af-8032-f77c50b62e29,perished.cars,available,1863.2,2064.2,low,low,8,spaceship,,,29/09/2026 23:59
3bc120ea-1202-4d05-9a44-99dfbae1ddb1,larry.cars,available,1999.99,2199,high,low,5,namesilo,,,25/09/2026 12:43
2a5eda7b-1269-499d-9dd1-59fa576cf2f7,russian.cars,available,2140.22,2140.22,high,low,7,dynadot,,,27/09/2026 17:35
b2adf355-b93a-4e9c-9f17-51af6a1bc049,elbow.cars,available,1999.99,2199,high,low,5,namesilo,,,20/09/2026 11:23
0c797077-8775-499b-bc12-672379c7d5fd,hoarse.cars,available,1999.99,2199,medium,low,6,namesilo,,,21/08/2026 10:10
183f25d8-0d53-42bc-9d35-863c42c2dab0,ran.cars,available,1999.99,2199,high,low,3,namesilo,,,25/09/2026 12:35
ee543cf0-7192-4c57-915d-f687efff594f,irritable.cars,available,2070,2950,medium,low,9,namecheap,,,25/09/2026 11:30
cf441d02-ac23-475f-bb29-308a0ffdabaf,batna.cars,available,2070,2950,medium,low,5,namecheap,,,22/09/2026 14:06
e9e8ac67-0773-4490-b85b-4ec96d41958d,theatrical.cars,available,1999.99,2199,high,low,10,namesilo,,,11/09/2026 12:33
9650379a-2b94-441a-ad2d-332d9a2d2600,bogus.cars,available,1999.99,2199,medium,low,5,namesilo,,,08/08/2026 22:58
8536aeb4-ccbe-466b-9a8f-32e7890bc682,weed.cars,available,1999.99,2199,high,medium,4,namesilo,,,29/09/2026 16:35
37333a53-4947-41a7-9db5-1ccaf5a8e2f3,shattuck.cars,available,1863.2,2064.2,high,low,8,spaceship,,,01/10/2026 23:38
1610165c-d957-408b-b4ca-b7c5a4961476,premium.cars,available,1999.99,2199,high,medium,7,namesilo,,,27/09/2026 05:00
c7b3d832-2c26-433c-8fac-8fc2a72aee89,grunt.cars,available,1999.99,2199,high,low,5,namesilo,,,01/10/2026 02:20
97e6594d-6ca5-40b3-8442-710e8a676d54,ancillary.cars,available,1999.99,2199,high,low,9,namesilo,,,
446a1df6-91dd-427c-a6dc-dac7d25979e3,returnable.cars,available,1999.99,2199,high,low,10,namesilo,,,09/09/2026 15:55
e24ef08a-9156-4218-b77f-166224bfb77b,kiwi.cars,available,1999.99,2199,high,high,4,namesilo,,,03/09/2026 16:42
1c20b2d5-0059-4390-b588-b9e59482a8d7,beck.cars,available,2070,2950,high,low,4,namecheap,,,22/09/2026 22:35
9843197c-b8d1-49f9-bb82-249625594d26,formed.cars,available,1999.99,2199,high,low,6,namesilo,,,18/08/2026 12:09
8a035813-6562-4b49-a7b8-09c7945df11f,molybdenum.cars,available,1999.99,2199,medium,low,10,namesilo,,,20/09/2026 23:05
f8a30151-58a6-40fb-8c7f-77fa942a624d,homophile.cars,available,2070,2950,high,low,9,namecheap,,,18/08/2026 20:56
e7e72892-c9df-4208-bd2e-dcab91aec363,naca.cars,available,1863.2,2064.2,medium,low,4,spaceship,,,30/09/2026 13:26
d6555920-d922-45a0-a289-fd6850ec907a,curtin.cars,available,1863.2,2064.2,medium,low,6,spaceship,,,29/09/2026 09:07
cbe146c6-0b47-4ba5-b3ac-f42c8c203ea5,biographer.cars,available,2070,2950,high,low,10,namecheap,,,23/09/2026 18:07
640478f4-5579-4bb3-8d94-311349c74394,minimums.cars,available,1999.99,2199,medium,low,8,namesilo,,,20/09/2026 08:36
3ef7c348-9ddf-4a8b-9079-154d009e967a,hired.cars,available,1999.99,2199,high,low,5,namesilo,,,12/08/2026 02:48
1204d350-c27a-40f2-8cbc-a3df4b0c7f20,spectre.cars,available,1999.99,2199,high,low,7,namesilo,,,08/09/2026 18:42
f2934c9b-e77d-41d9-aee0-e31dc54e85fb,intercultural.cars,available,2140.22,2140.22,high,low,13,dynadot,,,01/10/2026 23:06
bfa8c53f-e684-46b4-a208-9dc5ba3405fe,spruce.cars,available,2999.99,3799.99,high,low,6,name.com,,,13/08/2026 17:37
22450727-8432-4327-a0ac-a94e9a2cfe74,numb.cars,available,2070,2950,medium,low,4,namecheap,,,22/09/2026 19:39
750aabca-2530-4c12-bea5-e39bf5e3a839,drew.cars,available,1999.99,2199,high,low,4,namesilo,,,25/09/2026 00:05
822cd83d-2b4b-467c-8014-f421a84430ce,resolution.cars,available,2060.25,2064.19,high,low,10,porkbun,,,29/09/2026 19:23
73b80345-4b69-48cb-a95f-de8e450a5632,distrust.cars,available,1999.99,2199,high,low,8,namesilo,,,24/09/2026 23:13
af98d10f-51cf-4641-9fff-6138dd46cdbd,superiority.cars,available,1999.99,2199,high,low,11,namesilo,,,29/09/2026 16:23
bafba388-cb81-4655-b3ee-9e31df0dda66,sybil.cars,available,1863.2,2064.2,high,low,5,spaceship,,,29/09/2026 14:56
4a5cbe88-c6ca-4231-803c-43d419e27a91,england.cars,available,2140.22,2140.22,high,low,7,dynadot,,,29/09/2026 18:14
61a43be4-585b-42b4-ab72-ed3f5d55a473,addax.cars,available,2070,2950,medium,low,5,namecheap,,,17/09/2026 06:40
24ec8863-eeaf-4428-85d5-27b088f72d4e,crass.cars,available,1999.99,2199,medium,low,5,namesilo,,,13/08/2026 05:23
9a6e822e-4aa2-4c01-8a58-340599aa3159,loyal.cars,available,1999.99,2199,high,low,5,namesilo,,,25/09/2026 15:30
1b07945f-712c-4134-8440-843464fa052a,zack.cars,available,2070,2950,high,low,4,namecheap,,,27/09/2026 18:11
1e68ffe3-d1a2-4df7-a559-08b490ee3170,peach.cars,available,1999.99,2199,high,low,5,namesilo,,,22/08/2026 16:45
2430f0aa-a8bc-42d6-baa4-af76458bf647,operator.cars,available,2070,2950,high,low,8,namecheap,,,25/09/2026 23:32
cc81ddb9-bec9-4300-b6eb-92682e2d8c2b,hiroshima.cars,available,1999.99,2199,high,low,9,namesilo,,,30/09/2026 10:08
42e805f2-2f79-4833-acdf-e579a1b705c7,ordained.cars,available,1999.99,2199,medium,low,8,namesilo,,,13/08/2026 22:16
67132a4c-5691-4aa8-bce7-3287d846293b,constraining.cars,available,2140.22,2140.22,medium,low,12,dynadot,,,01/10/2026 23:03
b03b83fb-4af0-42dc-927a-6a5c094eccd7,boulogne.cars,available,1863.2,2064.2,medium,low,8,spaceship,,,29/09/2026 09:58
871ea09f-157e-418f-ba81-d116ab189dea,cinque.cars,available,1999.99,2199,medium,low,6,namesilo,,,
6da930f1-c888-4109-a4b2-e929557369e6,concordia.cars,available,2060.25,2064.19,high,low,9,porkbun,,,27/09/2026 20:47
c68fff7f-7fed-4906-8ae1-6568c673267b,maid.cars,available,1999.99,2199,high,low,4,namesilo,,,25/09/2026 16:10
4c2c6325-7519-4d87-8546-c1303f9e4200,quail.cars,available,2140.22,2140.22,high,low,5,dynadot,,,01/10/2026 02:11
0c5b69cb-bc23-449b-b45a-3b6f3d47dee0,alyssum.cars,available,1999.99,2199,medium,low,7,namesilo,,,18/09/2026 15:23
0096936c-9dac-437d-9969-91782e85feb0,stringy.cars,available,1999.99,2199,high,medium,7,namesilo,,,10/09/2026 08:17
16074876-e9a4-44d2-ba27-9dac33e3a205,diplomat.cars,available,1999.99,2199,high,low,8,namesilo,,,29/09/2026 15:06
32730edd-db92-4e9a-b097-b22294a17f72,washington.cars,available,2070,2950,high,low,10,namecheap,,,28/09/2026 20:59
03eb40d3-ffc9-4e71-b591-f8490e68d3c8,catered.cars,available,1999.99,2199,medium,low,7,namesilo,,,20/09/2026 17:04
3a113ced-2b3b-4525-a210-5f4e255b899b,base.cars,available,1863.2,2064.2,high,medium,4,spaceship,,,02/10/2026 10:15
8ce447a2-f2a8-46ec-93db-13a60cba463e,centimetre.cars,available,2070,2950,medium,low,10,namecheap,,,24/09/2026 13:35
1ea698da-c5f5-40b2-90f7-8a9312b18f71,veins.cars,available,1863.2,2064.2,medium,low,5,spaceship,,,28/09/2026 08:48
88a996d0-9a37-4c58-bd3b-46d57e6e2b71,sinclair.cars,available,2999.99,3799.99,high,low,8,name.com,,,25/09/2026 04:16
720eada6-71e2-4c67-a03a-4b833fab13ec,lesbians.cars,available,2070,2950,medium,low,8,namecheap,,,29/09/2026 17:48
2a0be7cf-ce99-410b-a068-9b803a86a482,formalize.cars,available,2140.22,2140.22,high,low,9,dynadot,,,30/09/2026 19:58
2b446c0f-fb45-4f02-a5c4-02576c05b242,cnc.cars,available,1999.99,2199,high,low,3,namesilo,,,30/09/2026 14:22
008dea93-2457-438a-b38a-5c1eea5efdf6,main.cars,available,1999.99,2199,high,low,4,namesilo,,,23/09/2026 09:34
59396181-ee03-4078-85e9-dd5654e7e3f2,promenade.cars,available,1999.99,2199,high,low,9,namesilo,,,18/09/2026 16:56
fb632dcc-a222-4a86-882e-4e2b81248126,asclepius.cars,available,1999.99,2199,medium,low,9,namesilo,,,17/09/2026 13:21
62a14210-e12a-4b8a-b07e-c7d41ed9669b,stylist.cars,available,2140.22,2140.22,high,low,7,dynadot,,,03/10/2026 01:07
8edc8e89-ae06-4c19-9fdf-6fa1aac10054,halle.cars,available,1999.99,2199,high,low,5,namesilo,,,27/09/2026 04:25
fc509e90-ba79-4296-a5db-7c88bb4bd396,forward.cars,available,2070,2950,high,medium,7,namecheap,,,21/09/2026 20:55
b5303b25-5f5d-4109-aef5-ed1fad1faf80,berlin.cars,available,1999.99,2199,high,medium,6,namesilo,,,29/09/2026 02:06
6386a6af-b1d1-42a1-93e3-b958f24e832a,principles.cars,available,1999.99,2199,high,low,10,namesilo,,,
539f3976-b62e-484d-8f20-db7c2a288bd1,balaton.cars,available,2999.99,3799.99,medium,low,7,name.com,,,21/09/2026 21:18
0a433b8f-cb1f-4d9b-8312-4668d87aaf24,amsterdam.cars,available,1999.99,2199,high,low,9,namesilo,,,19/09/2026 00:08
0d4827f1-e721-405e-8f40-a14bd9794734,awestruck.cars,available,1999.99,2199,medium,low,9,namesilo,,,08/08/2026 01:00
46307bc8-8c73-410e-b257-b53e889f5c53,natural.cars,available,1999.99,2199,high,low,7,namesilo,,,01/10/2026 02:27
e53f5962-6e70-4a2c-bcff-cc0b170948fd,sonoran.cars,available,1999.99,2199,high,low,7,namesilo,,,01/10/2026 23:36
2c637d96-052f-477b-abd1-4122834fe412,potbound.cars,available,1999.99,2199,medium,low,8,namesilo,,,09/09/2026 00:44
f16b1df5-91f9-4740-818b-6413c4fb9aa8,armand.cars,available,1999.99,2199,medium,low,6,namesilo,,,28/09/2026 07:26
c9da7604-a0d7-42b7-85d9-9847d476e041,sinn.cars,available,2140.22,2140.22,high,low,4,dynadot,,,28/09/2026 15:48
a35da026-4d86-4f73-a1d1-0f0e43d743aa,aug.cars,available,1999.99,2199,high,low,3,namesilo,,,07/08/2026 17:10
7cdca293-08af-4f18-af51-d5fd6f835804,malik.cars,available,1863.2,2064.2,high,low,5,spaceship,,,29/09/2026 13:22
aa82d16e-9bc4-46da-a1db-58fdfbd2bf0c,shuha.cars,available,1999.99,2199,medium,low,5,namesilo,,,10/09/2026 07:04
ca1ae827-061f-4a4e-af95-e542546fd831,fixture.cars,available,1999.99,2199,high,medium,7,namesilo,,,09/09/2026 13:04
2c0eaaa1-6fd3-4a31-9670-bef6debc26cc,anabatic.cars,available,1999.99,2199,medium,low,8,namesilo,,,
587e7a32-e5d2-429f-83f5-deaafa0f1558,habib.cars,available,2060.25,2064.19,high,low,5,porkbun,,,29/09/2026 15:09
09d6afb7-acb3-4e65-b846-ddc312bfd5f1,rents.cars,available,1863.2,2064.2,high,low,5,spaceship,,,30/09/2026 15:40
c6acc8e5-7e63-4b1c-8f49-92d051cf6c4b,solitaire.cars,available,1863.2,2064.2,high,low,9,spaceship,,,03/10/2026 01:46
484cab72-e0c6-494a-9251-80d14613be6e,uniform.cars,available,2070,2950,high,low,7,namecheap,,,19/09/2026 05:41
5a8d8528-0f71-41a0-b2f0-5efc034ed38b,auditions.cars,available,2140.22,2140.22,medium,low,9,dynadot,,,30/09/2026 16:27
38ca9a27-2e3d-4edc-bcd2-84d0a6163cac,wendell.cars,available,2060.25,2064.19,medium,low,7,porkbun,,,27/09/2026 20:17
dec8498f-e2aa-4ce6-b1d1-1ab43023cd3b,glances.cars,available,1999.99,2199,medium,low,7,namesilo,,,18/09/2026 02:11
11ec47f3-2c5c-468f-8e5c-fb5ab8183235,circa.cars,available,1863.2,2064.2,high,low,5,spaceship,,,01/10/2026 22:24
e549ba72-3e58-4b11-a7e5-9e3587daa28d,uncooked.cars,available,1999.99,2199,medium,low,8,namesilo,,,12/09/2026 06:09
9f4d6ea1-c58d-4ce2-a85a-94aa6c705920,delinquent.cars,available,1999.99,2199,medium,low,10,namesilo,,,14/08/2026 00:42
26d5e625-acbf-4e9b-9f4e-87e2f9217fbe,suits.cars,available,1999.99,2199,high,low,5,namesilo,,,18/09/2026 12:41
f1ccde23-6d14-4136-9f63-86e62449e820,shattering.cars,available,1999.99,2199,high,medium,10,namesilo,,,10/09/2026 06:06
30e46baa-2a87-4c36-ad2c-fbf8b28788ad,snoopy.cars,available,1999.99,2199,medium,low,6,namesilo,,,03/09/2026 21:54
dd1f667f-33c9-48d0-b263-e3411041f488,stumps.cars,available,1999.99,2199,medium,low,6,namesilo,,,
4a707d1a-a116-4ab3-a3d4-1bc913023487,twp.cars,available,1999.99,2199,medium,low,3,namesilo,,,02/10/2026 17:44
35836e79-fa24-4b85-9c92-94c7f7ee9ec1,remington.cars,available,1863.2,2064.2,high,low,9,spaceship,,,02/10/2026 03:00
26c2248c-b09b-41d5-8766-09e921ff2ed2,mme.cars,available,1863.2,2064.2,high,low,3,spaceship,,,29/09/2026 03:05
d911a8ce-e734-46bd-8027-cfa41341d50b,jaundice.cars,available,1999.99,2199,medium,low,8,namesilo,,,17/09/2026 03:10
a4c644d7-d444-4358-89a9-1b1b32b83023,class.cars,available,2070,2950,high,low,5,namecheap,,,28/09/2026 14:22
93cea60a-94ed-401c-9e89-305b7054b5f4,infant.cars,available,1999.99,2199,high,low,6,namesilo,,,29/09/2026 00:05
1d7f50f3-ae5a-44d6-adb6-66513b038178,bakshis.cars,available,2070,2950,medium,low,7,namecheap,,,21/09/2026 15:54
ac98e5aa-2cc6-4c24-8ec9-eb714ce93a8e,ama.cars,available,2140.22,2140.22,high,low,3,dynadot,,,01/10/2026 05:09
c21c3a0c-d829-4234-b4f2-c1e1343476bf,bezant.cars,available,1999.99,2199,medium,low,6,namesilo,,,23/09/2026 12:11
d172ba33-d642-468f-b81e-29f7745e627f,subverter.cars,available,1999.99,2199,medium,low,9,namesilo,,,09/09/2026 16:25
6bf7ef6b-72ff-475e-a8b9-43bec2bf3f43,banality.cars,available,2070,2950,medium,low,8,namecheap,,,12/08/2026 19:14
54c4242f-2180-4229-8bb3-d74bdc51c9f6,fes.cars,available,1999.99,2199,high,low,3,namesilo,,,30/09/2026 09:38
63f27561-0940-463e-88e9-1379a22858b8,accusing.cars,available,1999.99,2199,medium,low,8,namesilo,,,
0123255c-c5a2-492c-8caf-f5462e0c91a7,lonesome.cars,available,1863.2,2064.2,medium,low,8,spaceship,,,28/09/2026 21:14
578f697b-b14b-4a89-a68c-eddb243b68ce,wind.cars,available,1863.2,2064.2,high,low,4,spaceship,,,28/09/2026 10:39
b4d984ab-50fb-4b9f-bcd9-8e2fcc05e43b,eccles.cars,available,1863.2,2064.2,medium,low,6,spaceship,,,29/09/2026 06:42
8ca245da-4447-4834-959c-25943b55e368,mamluk.cars,available,2070,2950,high,low,6,namecheap,,,01/10/2026 06:56
f44c7d91-a0e5-491c-8d90-ca56f9c45a3c,fertile.cars,available,1999.99,2199,high,low,7,namesilo,,,18/08/2026 02:11
a481b7e9-5fcf-41b3-940a-79a5cfa7544a,doggo.cars,available,1999.99,2199,medium,low,5,namesilo,,,14/09/2026 13:35
c25af248-777e-4bd3-ac4d-c071d03112d2,essay.cars,available,1999.99,2199,high,low,5,namesilo,,,21/09/2026 01:17
436d8e1e-d1fb-46e2-8a8a-7c0ad06303cc,alir.cars,available,1999.99,2199,medium,low,4,namesilo,,,17/08/2026 22:11
0f089e3f-0013-436d-ad34-d8897d340e33,irvington.cars,available,1863.2,2064.2,medium,low,9,spaceship,,,02/10/2026 20:28
38ae4373-abce-4ff3-83e2-78890c9171ce,forging.cars,available,1999.99,2199,high,low,7,namesilo,,,30/09/2026 17:22
6579927a-4e29-441d-b2a4-9e32f0719fec,smooth.cars,available,2999.99,3799.99,high,low,6,name.com,,,24/09/2026 20:14
018df880-9d8c-422c-8962-b478eb1cd7c2,pitchers.cars,available,1999.99,2199,medium,low,8,namesilo,,,02/10/2026 13:59
91ac615b-4ff4-4f56-a052-c36f81bc741d,maximal.cars,available,2070,2950,high,low,7,namecheap,,,24/08/2026 17:54
228fe1b6-bbd8-4c42-975e-b80827779de4,unlikable.cars,available,1999.99,2199,medium,low,9,namesilo,,,12/09/2026 00:58
fa001ef4-2249-45b6-a5db-c05aba635b33,ziegler.cars,available,1863.2,2064.2,high,low,7,spaceship,,,28/09/2026 19:36
ecb71fa9-e873-44f6-af95-ca0d0bed4d3d,scoop.cars,available,1999.99,2199,high,low,5,namesilo,,,19/09/2026 16:31
de763a47-e183-4287-b837-650f5b1aafb9,midtown.cars,available,2060.25,2064.19,high,low,7,porkbun,,,01/10/2026 14:20
a3582504-24e9-4ca5-88fd-9c35c29f25f3,adventive.cars,available,1999.99,2199,medium,low,9,namesilo,,,
20431cc3-6d5a-48c2-9d81-b1d10435bda4,coplanar.cars,available,1999.99,2199,medium,low,8,namesilo,,,13/08/2026 00:32
c81a6f38-2044-453e-924c-ad7b6d3e2c69,topological.cars,available,1863.2,2064.2,medium,low,11,spaceship,,,29/09/2026 23:29
e7d88297-931a-41a7-9dfa-26a80810dfe2,cheaply.cars,available,1999.99,2199,medium,low,7,namesilo,,,14/09/2026 06:37
a76d41f7-cd4f-4f99-b6ba-395d613aa428,jesu.cars,available,1863.2,2064.2,medium,low,4,spaceship,,,02/10/2026 19:28
d373b921-a66b-424f-9a53-51cde4665bb6,isaac.cars,available,1863.2,2064.2,high,low,5,spaceship,,,28/09/2026 19:31
58410a0d-058e-413d-a6d5-89a8c2e3c194,daedal.cars,available,2999.99,3799.99,medium,low,6,name.com,,,13/08/2026 15:30
c22c7a80-d3ae-441c-892a-0a24f115daea,corea.cars,available,1863.2,2064.2,medium,low,5,spaceship,,,02/10/2026 19:36
579e397b-ad6c-4027-971a-c809fef14610,fitness.cars,available,1863.2,2064.2,high,low,7,spaceship,,,02/10/2026 10:26
65cc339d-e887-4e3b-b8cf-272bfde015f5,isotope.cars,available,1863.2,2064.2,high,low,7,spaceship,,,02/10/2026 15:49
4ccb5454-c901-45ca-a11c-8070844d5b3c,winona.cars,available,2070,2950,medium,low,6,namecheap,,,28/09/2026 22:06
331ee60c-57e4-4596-b5c1-a0bfddaa0fa2,crossed.cars,available,1999.99,2199,high,low,7,namesilo,,,13/08/2026 08:18
9b8dfced-5ad3-4d06-a2b7-083a067248d4,eagle.cars,available,2070,2950,high,low,5,namecheap,,,23/09/2026 20:02
136412bd-af1b-4e4a-97dc-90b036bbf902,laterally.cars,available,1999.99,2199,medium,low,9,namesilo,,,15/09/2026 10:56
b2d66e7e-dec3-4b1e-bd65-c0709fa39029,communist.cars,available,1999.99,2199,high,low,9,namesilo,,,23/09/2026 16:14
4e2396f0-d21c-4f71-adf8-a5376ea80371,necessarily.cars,available,1999.99,2199,medium,low,11,namesilo,,,01/10/2026 01:47
e5a465b0-5153-43be-8a21-f2079c9b0364,berbers.cars,available,1999.99,2199,medium,low,7,namesilo,,,19/09/2026 23:24
e70db0f3-065a-4f19-86fb-d92824626841,mojave.cars,available,1863.2,2064.2,high,low,6,spaceship,,,28/09/2026 19:54
b012851b-3831-4e58-a830-f76cf522a775,frontal.cars,available,1999.99,2199,high,low,7,namesilo,,,18/08/2026 16:15
9b9ccc46-37c8-4189-ad93-1630f5976ad8,pintail.cars,available,1999.99,2199,medium,low,7,namesilo,,,19/09/2026 02:52
ee2c2194-4837-4bf9-bf37-274b68515a6c,menial.cars,available,2070,2950,medium,low,6,namecheap,,,24/08/2026 20:12
7e8cb557-9bf1-4236-b6ae-60c5a919d4e2,bungalow.cars,available,1999.99,2199,high,low,8,namesilo,,,24/09/2026 11:15
89c28b6f-6131-477b-b526-3cbda323e8d4,agrologic.cars,available,1999.99,2199,medium,low,9,namesilo,,,
d3de3a49-62af-48ec-a116-44b5a4ffb96a,anova.cars,available,1999.99,2199,high,low,5,namesilo,,,19/09/2026 01:59
2acc1231-e7fd-414b-aabd-8cc0a23b9aae,straggling.cars,available,1999.99,2199,high,medium,10,namesilo,,,09/09/2026 10:03
6564fc84-14e1-4ead-82bf-a6c6ae8c611f,cigar.cars,available,1863.2,2064.2,high,low,5,spaceship,,,28/09/2026 01:40
ee1565e2-66dc-42eb-b7e6-a39a48b91517,maura.cars,available,2070,2950,medium,low,5,namecheap,,,01/10/2026 08:34
c1054615-2adb-4885-9a48-3052ea6798c1,sirens.cars,available,1999.99,2199,medium,low,6,namesilo,,,21/09/2026 02:34
3de4ddf8-ab58-4eb8-a063-4a659b9616e5,family.cars,available,1999.99,2199,high,medium,6,namesilo,,,25/09/2026 12:40
75a38db8-fb37-4553-accd-95d230d95e6a,sexually.cars,available,1999.99,2199,medium,low,8,namesilo,,,16/09/2026 01:18
f42d103c-4c29-4b5b-94d9-343b1c4d2dbd,vulnerable.cars,available,1999.99,2199,high,low,10,namesilo,,,13/09/2026 07:24
50a017d3-88b1-4d2b-bd75-9cfe88640f72,bulging.cars,available,1999.99,2199,medium,low,7,namesilo,,,09/08/2026 13:41
ac9fb825-14c6-4373-a481-647b4e8fd79a,redemptory.cars,available,1999.99,2199,high,medium,10,namesilo,,,09/09/2026 12:20
7927e6f8-d64e-49c7-a79b-19cda91cce44,jewell.cars,available,1863.2,2064.2,high,low,6,spaceship,,,29/09/2026 04:07
2d59c8cf-fd23-4b2a-acfe-fab6396df1b3,protesters.cars,available,2070,2950,low,low,10,namecheap,,,02/10/2026 03:18
3ff76059-efd3-4ffd-8725-9c9d3096a6bc,maxi.cars,available,2070,2950,high,low,4,namecheap,,,24/08/2026 17:46
d38915cf-5cba-4a3c-89bb-fbe8572070e7,shallow.cars,available,1863.2,2064.2,medium,low,7,spaceship,,,27/09/2026 20:23
31270969-b56c-4e8e-bc3c-94c6f5d6c466,gwyn.cars,available,1863.2,2064.2,medium,low,4,spaceship,,,02/10/2026 05:09
0076b63a-64f7-4ca4-a1c9-465508f5bb7e,cyanide.cars,available,2140.22,2140.22,medium,low,7,dynadot,,,30/09/2026 09:19
1013316f-164c-43a5-a279-903948d17f7a,break.cars,available,2070,2950,high,low,5,namecheap,,,22/09/2026 17:01
86ade3ab-be96-4b2a-9ffc-f6acf08adc4d,macros.cars,available,1863.2,2064.2,medium,low,6,spaceship,,,02/10/2026 03:27
62c049c7-4155-49f3-9500-9ebca94e842a,bateman.cars,available,2070,2950,medium,low,7,namecheap,,,30/09/2026 22:30
c916ef27-e47c-40fb-b02c-7c646782506b,moss.cars,available,1999.99,2199,high,medium,4,namesilo,,,28/09/2026 14:55
dd6861c5-a8f3-48c8-ae8e-da5544cf2556,fuzz.cars,available,1999.99,2199,high,low,4,namesilo,,,02/10/2026 23:37
0a1142b1-7b48-4121-8a9f-d7e359431e8d,vendable.cars,available,2070,2950,medium,low,8,namecheap,,,24/08/2026 20:30
26f1ebff-7214-4a9e-9903-88c94cea5581,burner.cars,available,1863.2,2064.2,high,low,6,spaceship,,,29/09/2026 11:49
d2e1a81c-25dc-4f3e-b53d-6326b58f41f3,enchant.cars,available,1999.99,2199,high,low,7,namesilo,,,21/08/2026 07:46
c1c8c066-9340-41dc-b55d-5a939e737c5e,splinter.cars,available,1863.2,2064.2,medium,low,8,spaceship,,,30/09/2026 11:03
900b5c74-6614-4fa5-9952-ca375fdb691f,inbound.cars,available,1999.99,2199,high,low,7,namesilo,,,22/08/2026 00:41
835fda7d-ecec-489f-a1f0-0a5b6018c641,tung.cars,available,1999.99,2199,high,low,4,namesilo,,,18/09/2026 05:36
611cb2a3-1acc-4e58-8df3-fa5a1af91d4f,somewhere.cars,available,1999.99,2199,high,low,9,namesilo,,,16/09/2026 04:14
d0b254c8-9826-433e-9085-24076ff80699,doric.cars,available,1999.99,2199,medium,low,5,namesilo,,,14/08/2026 16:13
ccf91c24-2d33-4dcf-a614-8309ef486876,branford.cars,available,1863.2,2064.2,medium,low,8,spaceship,,,02/10/2026 20:50
86f88abf-92c3-40e4-9439-2234a91f33eb,abstractor.cars,available,2070,2950,medium,low,10,namecheap,,,16/09/2026 18:29
206aa5cf-f0f0-4c3c-ae26-6083d3ad8940,creations.cars,available,2060.25,2064.19,medium,low,9,porkbun,,,01/10/2026 00:49
4531cd39-c99d-4a93-b14f-9dce3ad837fd,sneak.cars,available,1999.99,2199,high,low,5,namesilo,,,23/09/2026 12:44
222792fe-316b-4ace-a6f5-1f05f81659a5,bozeman.cars,available,1999.99,2199,medium,low,7,namesilo,,,30/09/2026 00:51
5addc6f8-5522-4272-886c-5338568ba4c8,chewable.cars,available,1999.99,2199,medium,low,8,namesilo,,,12/08/2026 04:28
e158d610-7415-49d7-871f-0eb4af3eb199,sto.cars,available,1999.99,2199,high,low,3,namesilo,,,02/10/2026 11:55
b3843a26-1644-48f5-865b-23aa22f096f6,poindexter.cars,available,2070,2950,high,low,10,namecheap,,,02/10/2026 17:48
263de39e-b927-4b91-a3dc-519d0fd9c5c3,suny.cars,available,1999.99,2199,medium,low,4,namesilo,,,28/09/2026 16:53
b4c5d4be-1c6c-4fac-acfd-54a2bc96401f,calendars.cars,available,2070,2950,medium,low,9,namecheap,,,16/09/2026 19:52
8fb5c9c0-f833-46e7-9ea2-e05463c1f740,mao.cars,available,1999.99,2199,high,low,3,namesilo,,,30/09/2026 03:52
b708a430-95b6-4d1a-93cc-813dcf972922,swenson.cars,available,1863.2,2064.2,medium,low,7,spaceship,,,01/10/2026 11:58
00d48d7e-8c77-483a-949f-085fc2f5412a,sarasota.cars,available,2140.22,2140.22,medium,low,8,dynadot,,,28/09/2026 20:23
2a9c2831-5a7f-495b-bf48-01c7c9521e32,strengthen.cars,available,1999.99,2199,high,low,10,namesilo,,,30/09/2026 15:38
1188c9be-ccbf-46ea-85d5-43daa61cda7d,linen.cars,available,1999.99,2199,medium,low,5,namesilo,,,29/09/2026 01:36
0d0d0cdf-eff4-44ea-8842-99dc4c01ad87,cumbersome.cars,available,1999.99,2199,medium,low,10,namesilo,,,13/08/2026 10:25
1f304e60-ca81-457f-b41f-ed2de37b5fb0,ginny.cars,available,1863.2,2064.2,high,low,5,spaceship,,,02/10/2026 18:21
33a1bf53-0bf4-4a6a-bad2-0de6430489c6,primates.cars,available,2070,2950,high,low,8,namecheap,,,30/09/2026 02:24
35e520ac-ec11-4764-98a8-a843f0c03a8f,fungible.cars,available,1999.99,2199,high,low,8,namesilo,,,18/08/2026 18:32
38069a4d-379a-49e4-b400-6e1566fbc084,cocksucker.cars,available,1999.99,2199,medium,low,10,namesilo,,,08/08/2026 23:29
1abfcd94-5cc9-430b-9cad-3a238564d226,fleer.cars,available,2070,2950,low,low,5,namecheap,,,18/08/2026 17:47
57834e96-70aa-473d-b2e4-9b233bcfd50b,farah.cars,available,1999.99,2199,high,low,5,namesilo,,,30/09/2026 05:37
0676a1e7-e3ad-4971-a9bf-b9f553b64cc7,makers.cars,available,1999.99,2199,high,medium,6,namesilo,,,19/09/2026 22:57
f0ffb15a-2994-4bcb-8f49-b6da1f8ece51,aphonic.cars,available,1999.99,2199,medium,low,7,namesilo,,,05/08/2026 23:17
0338b16d-bcd8-4fa0-b413-6dcd31796843,excessively.cars,available,1999.99,2199,medium,low,11,namesilo,,,30/09/2026 19:46
9d304181-1e00-4048-a210-d6457c83aa14,spending.cars,available,1999.99,2199,high,low,8,namesilo,,,27/09/2026 03:51
4b053c35-e11f-4850-a707-eaadda32a2d5,faisal.cars,available,2070,2950,high,low,6,namecheap,,,29/09/2026 18:52
9816661e-9faa-45cc-ab8a-759255295d1d,backs.cars,available,1999.99,2199,medium,low,5,namesilo,,,18/09/2026 06:41
8990f50a-0644-479d-a6a0-e143d31a8ff3,huff.cars,available,2070,2950,medium,low,4,namecheap,,,01/10/2026 20:00
79596836-3e12-4fe5-8fd0-5da6ae761e62,chess.cars,available,1999.99,2199,high,medium,5,namesilo,,,24/09/2026 10:43
1a895fc0-ee96-4962-b8e5-24e598e8956c,filings.cars,available,1999.99,2199,low,low,7,namesilo,,,
cf555cda-1891-420f-8c24-80b2ddb36762,amor.cars,available,1999.99,2199,high,low,4,namesilo,,,18/09/2026 22:37
eba63987-a8e5-4712-8aad-07a1703ec7bd,cadmium.cars,available,1999.99,2199,high,low,7,namesilo,,,11/08/2026 22:59
ffd1bcdb-f5c7-4e2f-a217-bf01e69e8a13,harrington.cars,available,1999.99,2199,high,low,10,namesilo,,,25/09/2026 12:26
0135dece-6111-483f-b391-53041862b978,reinforced.cars,available,1999.99,2199,high,low,10,namesilo,,,23/09/2026 10:25
c74dc52e-c87b-490e-992a-7916b3c1987e,texted.cars,available,2070,2950,medium,low,6,namecheap,,,20/09/2026 17:16
db313ef0-ff91-4d8e-95c0-596a3ec36ed9,manuscript.cars,available,2070,2950,medium,low,10,namecheap,,,28/09/2026 10:05
4573eeda-1c5d-4bbc-adab-682aa1b20e81,tyrol.cars,available,1999.99,2199,medium,low,5,namesilo,,,28/09/2026 20:40
9a0c5c19-48ad-40b5-9368-94fbe4238718,highs.cars,available,1863.2,2064.2,medium,low,5,spaceship,,,02/10/2026 23:35
6230366d-50ec-439a-a8d8-e8be94dcd41c,hull.cars,available,1863.2,2064.2,high,low,4,spaceship,,,28/09/2026 01:42
715617df-f9d3-4947-aa82-ee89636fae25,mime.cars,available,1999.99,2199,high,low,4,namesilo,,,24/08/2026 23:33
8efd025b-6189-47d8-9a48-c56bb2a80b1c,croat.cars,available,1999.99,2199,medium,low,5,namesilo,,,13/08/2026 07:34
f5b5e119-0b24-4f4f-bc17-52112f984630,stairs.cars,available,1999.99,2199,high,low,6,namesilo,,,30/09/2026 11:47
a221ae2d-e35a-4e8d-9bd6-6a8199fb07e6,hostess.cars,available,2070,2950,high,low,7,namecheap,,,17/09/2026 22:27
731c41f7-0d66-44c8-ae8a-af6acdfa4328,alpenstock.cars,available,1999.99,2199,medium,low,10,namesilo,,,18/09/2026 13:32
8610d3a0-4c63-4ad0-965e-a449f25e0a43,glassed.cars,available,1999.99,2199,medium,low,7,namesilo,,,20/08/2026 14:07
46b8e704-b22f-4ea9-96d8-1b2681c9cdf8,pasang.cars,available,1999.99,2199,medium,low,6,namesilo,,,23/09/2026 12:24
bb2da9a6-e79a-4f64-a307-ceab06f4cebe,mysterious.cars,available,1999.99,2199,high,low,10,namesilo,,,24/09/2026 03:42
36927599-735b-44d9-9df0-a65b3725583a,mckinley.cars,available,1999.99,2199,high,low,8,namesilo,,,25/09/2026 04:51
6e406159-e9a7-4467-8530-21d5b3c59c87,anuria.cars,available,1999.99,2199,medium,low,6,namesilo,,,19/09/2026 15:55
e9a368d2-32c6-44b3-939b-0a9e76f1258f,ymca.cars,available,2070,2950,high,low,4,namecheap,,,01/10/2026 22:15
9e894191-62ca-4ecc-b14b-3874e704024d,janitor.cars,available,2140.22,2140.22,high,low,7,dynadot,,,28/09/2026 19:32
bfd9a193-b000-44b0-ad16-cf48234170d6,ruly.cars,available,2070,2950,high,medium,4,namecheap,,,09/09/2026 19:21
9325a10a-6b8f-42cd-9d8d-0eadad4547dd,historian.cars,available,1863.2,2064.2,high,low,9,spaceship,,,29/09/2026 13:03
da901686-2ccc-48a7-bdd8-25605a8b718b,varanasi.cars,available,1999.99,2199,medium,low,8,namesilo,,,02/10/2026 09:36
e8be479b-2710-478c-9804-27df8b20cfd8,archerfish.cars,available,1999.99,2199,medium,low,10,namesilo,,,20/09/2026 01:56
5fa7f9e1-f7e9-4e05-ad04-f1868eff7b7f,outlined.cars,available,2070,2950,high,low,8,namecheap,,,04/09/2026 19:31
40a1c5ed-d6fe-4121-9265-757f0421208b,yvonne.cars,available,1863.2,2064.2,high,low,6,spaceship,,,28/09/2026 03:58
4be3b108-5b70-4b26-99a6-2a17793f7ef8,lamenting.cars,available,2070,2950,medium,low,9,namecheap,,,22/08/2026 19:02
a6b75363-9881-4e91-b58e-58c1464301c6,derivable.cars,available,1999.99,2199,medium,low,9,namesilo,,,14/08/2026 03:00
8c524364-9db8-48a8-b8dc-7658f2cd23b5,robertson.cars,available,1999.99,2199,high,low,9,namesilo,,,25/09/2026 09:45
6839ea2b-b49d-4a64-b7e8-275113ba3bb9,hominal.cars,available,1999.99,2199,medium,low,7,namesilo,,,21/08/2026 11:35
918b194c-2e4e-4d9a-927b-98b90904c3ca,essene.cars,available,1999.99,2199,medium,low,6,namesilo,,,17/08/2026 13:19
e514b743-cd1a-4864-a197-726bf348a2ac,genoese.cars,available,1999.99,2199,high,low,7,namesilo,,,18/08/2026 21:48
71ef2dbc-124e-45c6-9a7a-a264528808d4,champ.cars,available,1999.99,2199,high,low,5,namesilo,,,12/08/2026 01:35
00f84f4a-800a-424d-8c60-e9081b25cc6b,bhutani.cars,available,2070,2950,medium,low,7,namecheap,,,09/08/2026 18:26
795eb912-45bd-4c8b-a446-e792209d5800,precaution.cars,available,2060.25,2064.19,high,low,10,porkbun,,,30/09/2026 02:37
a4949c24-d2b8-4ae4-b8e0-5193a627c354,toys.cars,available,1999.99,2199,high,low,4,namesilo,,,20/09/2026 06:04
f5e7108f-4163-4f3a-ba45-f26eb8cb5f6c,pedestrians.cars,available,2070,2950,medium,low,11,namecheap,,,02/10/2026 12:16
b8b90e91-42cd-42ae-a704-05bf0cdc969e,hirsch.cars,available,1999.99,2199,high,low,6,namesilo,,,27/09/2026 07:27
5413e7cd-f328-41db-9170-73ecc361cbc3,gloriously.cars,available,1999.99,2199,high,low,10,namesilo,,,14/09/2026 21:45
ac2c3c8d-11cf-47d3-a0d5-431e873402fc,concluded.cars,available,1999.99,2199,high,low,9,namesilo,,,
d409555c-b669-47e5-a9c5-3125de1f12f2,inspectors.cars,available,2060.25,1557.29,medium,low,10,porkbun,,,01/10/2026 17:30
f104262d-4731-4092-945e-f1bac1e6c61b,deposition.cars,available,1999.99,2199,medium,low,10,namesilo,,,24/09/2026 22:00
28d03529-52ba-46a7-8056-31982e2fc67e,lxxi.cars,available,1999.99,2199,medium,low,4,namesilo,,,
7f90dd5e-debf-4dfb-ba59-14ab7cfd8885,delectable.cars,available,1999.99,2199,high,low,10,namesilo,,,14/08/2026 00:21
01150c87-4a08-47db-8698-54b58788cbb3,flavius.cars,available,2140.22,2140.22,high,low,7,dynadot,,,02/10/2026 20:19
d6a79b28-a8ac-46ec-b482-0b87683e0ed8,bivalvia.cars,available,1999.99,2199,medium,low,8,namesilo,,,23/09/2026 23:16
ad4ac8b2-0d6d-488c-bdba-341acff58ba0,starts.cars,available,1999.99,2199,medium,low,6,namesilo,,,
a788b5d5-856f-4fdc-812a-880c46afb3f2,aqueous.cars,available,1999.99,2199,medium,low,7,namesilo,,,06/08/2026 10:50
2ac22b3b-faa9-4c71-9273-0e300e829326,bounteous.cars,available,2070,2950,high,low,9,namecheap,,,09/08/2026 20:50
c1501a8a-9665-4a71-bba3-89372ce605cf,adequate.cars,available,2070,2950,high,low,8,namecheap,,,21/09/2026 18:22
75bf1c8e-8943-4dcb-9a02-3d90e51e67c8,dastard.cars,available,2999.99,3799.99,medium,low,7,name.com,,,13/08/2026 18:32
c56ffed5-9547-42cc-b679-c0a8f8ebac6c,abercrombie.cars,available,2140.22,2140.22,high,medium,11,dynadot,,,29/09/2026 22:37
0951f5e9-f1c1-46d1-ae4b-3e9c6b007fc2,catclaw.cars,available,1999.99,2199,medium,low,7,namesilo,,,23/09/2026 23:59
6aa01460-2b22-41d8-a33f-40533080ee1d,sidon.cars,available,1863.2,2064.2,medium,low,5,spaceship,,,30/09/2026 18:35
22462060-463b-4e93-89c3-582bd6244848,refusal.cars,available,1999.99,2199,medium,low,7,namesilo,,,29/09/2026 02:01
b55c14a3-7566-41f0-b98e-5402b16ae69b,blacks.cars,available,1863.2,2064.2,low,low,6,spaceship,,,28/09/2026 18:09
1f0ea569-8690-45f4-819f-9e26f5ea8411,margherita.cars,available,2140.22,2140.22,high,low,10,dynadot,,,02/10/2026 18:19
a7f0f675-20cf-43e3-9d58-6c672f33e9c0,stitches.cars,available,1999.99,2199,medium,low,8,namesilo,,,
f455d60d-8495-4145-abb8-c80371683f35,carex.cars,available,2140.22,2140.22,high,low,5,dynadot,,,30/09/2026 08:57
28c19ae2-6fa2-4994-a6da-60b6e196a9bc,ankus.cars,available,2070,2950,medium,low,5,namecheap,,,19/09/2026 09:49
5174419b-c4e2-4bfe-9c27-25a51f31312a,detention.cars,available,2070,2950,medium,low,9,namecheap,,,27/09/2026 12:53
06eaa9b5-b5c6-4938-9fb4-77cf63602f6b,turbinate.cars,available,1999.99,2199,medium,low,9,namesilo,,,12/08/2026 16:20
e2805281-a425-47d1-8adb-6f55ff6dc4ba,casteless.cars,available,2070,2950,medium,low,9,namecheap,,,11/08/2026 20:25
9ee28a46-00c8-4505-8620-ecccb4db28d4,jaguar.cars,available,2060.25,2064.19,high,medium,6,porkbun,,,29/09/2026 12:15
81c8dd46-56d3-4a83-9c49-89c3ade0a0d2,coercive.cars,available,1999.99,2199,medium,low,8,namesilo,,,12/08/2026 15:24
0a1029ae-848a-4a3a-8d1f-d4f188b2b7a5,shyly.cars,available,1999.99,2199,medium,low,5,namesilo,,,13/09/2026 23:37
9591fc75-fefc-4e9f-bf29-0c06fc92bf67,bayonne.cars,available,2070,2950,medium,low,7,namecheap,,,22/09/2026 18:07
384ec5fb-b07c-4fce-9153-eef918af1f96,expresses.cars,available,2070,2950,medium,low,9,namecheap,,,30/09/2026 23:32
9c3949b4-924a-40ae-9327-d5f604931b70,rectum.cars,available,1999.99,2199,high,low,6,namesilo,,,02/10/2026 16:33
de599e19-f4a8-446e-bfd0-666b14f901fd,wriggling.cars,available,1999.99,2199,medium,low,9,namesilo,,,13/09/2026 13:41
ac9c49f9-4b0c-437a-8291-d1d194475468,mcpherson.cars,available,2070,2950,high,low,9,namecheap,,,17/09/2026 21:28
2adf062e-abd6-4027-90b6-ad994ce627b9,airlift.cars,available,1999.99,2199,high,low,7,namesilo,,,17/09/2026 23:13
efda6134-ba95-4f6d-bcdb-6a9fb735688b,redlands.cars,available,1999.99,2199,high,low,8,namesilo,,,01/10/2026 12:23
c2cd26bb-7dbf-42c7-9bb5-48069a9fab9d,ems.cars,available,1999.99,2199,high,low,3,namesilo,,,02/10/2026 09:44
41e57c5e-e227-4eae-88a5-3394d83a3e0f,prone.cars,available,1999.99,2199,medium,low,5,namesilo,,,27/09/2026 07:37
35572a2a-c0a0-4d61-ab72-2e0eeb0cc0f1,pedagogical.cars,available,1863.2,2064.2,medium,low,11,spaceship,,,03/10/2026 03:05
426cc811-bbe2-4652-979f-f897638238e7,radius.cars,available,1999.99,2199,high,low,6,namesilo,,,28/09/2026 03:00
17caa988-e1d8-460e-8233-a53c0b97ee6a,tiffany.cars,available,2070,2950,high,low,7,namecheap,,,30/09/2026 02:10
54cd3346-aa4b-4cc6-ae36-43f7dba84174,softer.cars,available,1999.99,2199,medium,low,6,namesilo,,,30/09/2026 06:29
b5e1fc46-dd9a-4f4f-ab9e-5d3eea0978f8,ceilings.cars,available,1999.99,2199,medium,low,8,namesilo,,,30/09/2026 16:13
90d078f3-03b5-4756-9c3e-c2ab8993bb74,tartu.cars,available,2140.22,2140.22,medium,low,5,dynadot,,,30/09/2026 18:53
3614ac4b-ea23-4981-8316-bd391206d73e,foundational.cars,available,1863.2,2064.2,high,low,12,spaceship,,,01/10/2026 22:53
5d8be7e1-053b-4158-bf69-968169a0bae0,camera.cars,available,2140.22,2140.22,high,low,6,dynadot,,,29/09/2026 06:00
d3cfab70-e364-4558-bcfb-9b46a7e571e4,rudyard.cars,available,1863.2,2064.2,medium,low,7,spaceship,,,01/10/2026 10:43
fa0a1e3d-a8de-4750-9516-3e381046e270,bitt.cars,available,1999.99,2199,medium,low,4,namesilo,,,23/09/2026 22:49
e97512e0-c15a-4c78-9847-f06c2c107d9b,communicated.cars,available,1999.99,2199,medium,low,12,namesilo,,,30/09/2026 22:45
20503c90-2b49-4c9a-b253-18e9d88e90ec,stirring.cars,available,2070,2950,high,medium,8,namecheap,,,09/09/2026 19:07
b617758c-1651-4a58-86d1-4f9e8bacafc0,theodora.cars,available,1863.2,2064.2,high,low,8,spaceship,,,30/09/2026 04:52
89ac4ea3-1d9b-4371-a28a-af245cfb0f8a,madrono.cars,available,1999.99,2199,medium,low,7,namesilo,,,20/09/2026 01:04
e1ae41f7-9dc1-48b3-a2c2-5df57844e6c7,jocund.cars,available,1999.99,2199,medium,low,6,namesilo,,,22/08/2026 13:40
e3ba8859-7a4d-491d-9e99-c94559c6d836,finals.cars,available,1999.99,2199,high,low,6,namesilo,,,18/09/2026 22:07
4d9eb99e-7eb0-4d43-a55b-30fd258b6a6f,dmz.cars,available,1999.99,2199,high,low,3,namesilo,,,03/10/2026 00:28
5bd785d5-c237-4e61-83cb-e419beb405f6,nie.cars,available,1999.99,2199,medium,low,3,namesilo,,,30/09/2026 03:54
457ad18d-3eaa-403e-ba16-7e838029b33c,mobile.cars,available,2070,2950,high,medium,6,namecheap,,,25/09/2026 21:00
3cc05912-03e6-4762-b0dd-79517b64dfac,afrl.cars,available,1999.99,2199,medium,low,4,namesilo,,,17/09/2026 15:27
393bfeaa-d741-460c-ac59-da78d2e456b6,finesse.cars,available,1999.99,2199,high,low,7,namesilo,,,03/10/2026 00:45
e137ed9d-0509-4653-a182-a1fb4039db00,cumulative.cars,available,1999.99,2199,high,low,10,namesilo,,,
1fa538ec-0a8d-4de5-821a-8a1ec0cfaa8e,bearing.cars,available,2070,2950,high,low,7,namecheap,,,22/09/2026 18:34
a93527ee-c8c0-49ea-8aeb-9403570978ec,diversify.cars,available,2070,2950,high,low,9,namecheap,,,30/09/2026 16:21
96caf201-b29c-42a6-a6c1-40ca392c83f2,lucretia.cars,available,1863.2,2064.2,medium,low,8,spaceship,,,30/09/2026 21:16
0c72f778-5218-40e2-9f10-5e1d28cb6c5e,fastest.cars,available,2070,2950,high,low,7,namecheap,,,14/09/2026 17:49
0be0633a-4c63-481c-b4b0-78599f51f344,acquisition.cars,available,2060.25,2064.19,high,low,11,porkbun,,,01/10/2026 03:39
f354e7a9-2044-4cd7-a513-4f0a83a2c7dd,legibility.cars,available,1999.99,2199,high,low,10,namesilo,,,24/09/2026 22:31
5cd1abd0-66c4-47d6-b3d6-ddd167681c51,ecru.cars,available,1999.99,2199,medium,low,4,namesilo,,,09/08/2026 12:26
95f4f04f-f250-4f8c-91bf-cb64e5ae3c12,uhf.cars,available,2070,2950,high,low,3,namecheap,,,26/09/2026 00:28
48e7a270-690f-4f1e-8fd8-769b57d629a2,bobby.cars,available,2060.25,2064.19,high,low,5,porkbun,,,28/09/2026 13:33
544c9a3b-996b-48f9-85bd-cd34d4e0f487,centenary.cars,available,1999.99,2199,high,low,9,namesilo,,,11/08/2026 23:54
2d3fdf8a-4c89-4649-85ce-8100ee0f2f97,overcoat.cars,available,1863.2,2064.2,high,low,8,spaceship,,,01/10/2026 19:51
c8162ac4-69fb-4aa2-8350-1c37e0f03ff0,distinction.cars,available,2070,2950,high,low,11,namecheap,,,02/10/2026 21:05
fe0b4d93-36d0-4749-b3e1-c95e5ed0ee62,witt.cars,available,1863.2,2064.2,high,low,4,spaceship,,,28/09/2026 04:15
c598c16d-b042-459f-9be3-a674b959c223,anthurium.cars,available,2070,2950,high,low,9,namecheap,,,19/09/2026 13:58
1ef96586-de56-4ecb-bae8-cb29f1cfa3da,biscayne.cars,available,1999.99,2199,medium,low,8,namesilo,,,01/10/2026 09:13
2ea44b77-d9dc-4aa4-9490-b27cd3fb826b,viktor.cars,available,1999.99,2199,medium,low,6,namesilo,,,28/09/2026 07:43
21fabe04-13d6-4dd3-8889-ab5d429a505d,partial.cars,available,1999.99,2199,high,low,7,namesilo,,,08/09/2026 02:01
407488f1-8bb6-4969-9740-82c39dbee5f4,ltc.cars,available,1863.2,2064.2,high,low,3,spaceship,,,02/10/2026 12:36
10abad42-3d10-4891-95b7-8f2eb3fb5ba5,wildfires.cars,available,1863.2,2064.2,medium,low,9,spaceship,,,30/09/2026 07:46
68a662c0-fcf4-492e-93fd-20a6f27da098,pinnacle.cars,available,2070,2950,high,low,8,namecheap,,,24/08/2026 20:50
ede9a826-d566-4a50-9b83-dc05a65864f8,dreary.cars,available,1999.99,2199,medium,low,6,namesilo,,,14/08/2026 11:47
988bdf9d-9bce-47fe-8eec-a219c7fde9ec,reproduction.cars,available,1863.2,2064.2,medium,low,12,spaceship,,,29/09/2026 15:58
79c67e9f-4fcd-4711-b713-96cdf7cbbd0c,winthrop.cars,available,1863.2,2064.2,high,low,8,spaceship,,,27/09/2026 19:50
8109df63-e8d8-4ce7-9c7b-6d2133457619,dehydration.cars,available,1999.99,2199,medium,low,11,namesilo,,,30/09/2026 23:19
8b75ffb9-34b3-4be1-b899-34210f22f0fd,rejection.cars,available,1999.99,2199,high,low,9,namesilo,,,30/09/2026 09:31
47700bb4-c64a-45db-a7b0-85c6cf419ca2,shakes.cars,available,1999.99,2199,medium,low,6,namesilo,,,29/09/2026 17:26
8771e232-4d0e-4cf1-8b11-cd788d05dc8f,always.cars,available,2070,2950,high,medium,6,namecheap,,,28/09/2026 12:09
c6c07953-cc87-4649-baa9-5ae9ee673c02,alberta.cars,available,1999.99,2199,high,low,7,namesilo,,,18/09/2026 02:45
2ee6f610-8f58-4d11-a9e5-660cde438a6f,lashings.cars,available,1999.99,2199,high,low,8,namesilo,,,14/09/2026 23:38
149acba1-39b0-486b-a1d9-304c71c8a337,porkfish.cars,available,1999.99,2199,medium,low,8,namesilo,,,19/09/2026 09:38
5f461d1d-13ce-4b13-ab6a-28b79e1618a3,messiah.cars,available,1999.99,2199,high,low,7,namesilo,,,29/09/2026 13:24
5a16c747-67b8-4a8b-951d-4d843220e82f,nubby.cars,available,1999.99,2199,medium,low,5,namesilo,,,21/08/2026 11:15
83c8eeab-b28e-42e3-abcb-ec059438db0f,repression.cars,available,1863.2,2064.2,medium,low,10,spaceship,,,01/10/2026 03:28
f49a3226-5211-4aa7-b50b-63d68125b007,unlucky.cars,available,2070,2950,medium,low,7,namecheap,,,21/08/2026 19:11
4f6a64b7-cafb-4ad2-b4b8-6a64c7281765,peanut.cars,available,1999.99,2199,high,low,6,namesilo,,,08/09/2026 11:13
66a36bd9-43e1-4c24-ba36-43a3d3927d67,wasteland.cars,available,2070,2950,medium,low,9,namecheap,,,08/08/2026 21:11
21267d99-fd99-4e3f-b1c7-eb850727381f,candidate.cars,available,1999.99,2199,high,low,9,namesilo,,,29/09/2026 06:14
eb74aac6-9d79-4b23-8bce-5666025e34c3,restful.cars,available,1999.99,2199,high,low,7,namesilo,,,09/09/2026 13:26
327c9971-f65a-4c53-84eb-c65036853353,santa.cars,available,2140.22,2140.22,high,low,5,dynadot,,,29/09/2026 19:01
30915e9b-20e1-494a-9435-99e1b69a6f03,unblessed.cars,available,1999.99,2199,medium,low,9,namesilo,,,12/09/2026 02:14
8ad54d85-de03-486d-b88c-d4aa9cb91122,gene.cars,available,2140.22,2140.22,high,low,4,dynadot,,,29/09/2026 09:24
da1c9a1d-b0e1-4894-8360-cfd8f419a176,capability.cars,available,1999.99,2199,high,low,10,namesilo,,,24/09/2026 12:11
1a68b430-802a-4235-9f22-72d14ec6f7e5,oceanic.cars,available,1999.99,2199,high,medium,7,namesilo,,,04/09/2026 00:26
a24f4839-6852-4543-a0e9-5f81562c92e0,sequential.cars,available,1999.99,2199,high,low,10,namesilo,,,10/09/2026 04:27
5faff38c-df07-4e42-b0a2-03187231a460,legislator.cars,available,1863.2,2064.2,high,low,10,spaceship,,,02/10/2026 15:55
ec0db2c0-5645-4c77-9e16-c983f5c60615,frenetic.cars,available,1999.99,2199,medium,low,8,namesilo,,,18/08/2026 14:17
77325c23-70dd-4ef9-993b-2008962b14fc,saponified.cars,available,2070,2950,high,medium,10,namecheap,,,09/09/2026 21:21
41c2c202-4d1a-4823-a71e-e722754c83a0,something.cars,available,2519.99,3999.99,high,low,9,godaddy,,,01/10/2026 00:22
9292da18-cfed-4dfe-b0c7-5fc2b67959ff,seasonal.cars,available,1999.99,2199,high,low,8,namesilo,,,10/09/2026 00:58
617df9a8-1750-4880-bea3-db8a442dbb80,peachy.cars,available,1999.99,2199,high,low,6,namesilo,,,08/08/2026 12:41
4b0f9d7b-506a-4a8e-bb1b-eca1973d5f5f,casting.cars,available,1863.2,2064.2,high,low,7,spaceship,,,02/10/2026 13:04
439e28e5-f8c6-448e-b7ff-9d0088cf1900,actual.cars,available,1999.99,2199,high,low,6,namesilo,,,21/09/2026 16:37
610704c7-a31c-4344-a983-3a6dd0761bea,estimate.cars,available,2070,2950,high,low,8,namecheap,,,28/09/2026 21:56
ac9ae348-86e0-4568-aa83-108d39209393,allusion.cars,available,1999.99,2199,high,low,8,namesilo,,,18/09/2026 12:15
bcad32be-b498-48af-8e50-71111670e467,trafalgar.cars,available,1999.99,2199,medium,low,9,namesilo,,,22/09/2026 16:10
cad34847-bd26-4597-9318-d83344b53ac1,plague.cars,available,1863.2,2064.2,medium,low,6,spaceship,,,29/09/2026 02:58
53adac60-1b8d-40f6-b912-1f4339d6e918,episodes.cars,available,1863.2,2064.2,medium,low,8,spaceship,,,29/09/2026 11:24
2fadb00c-ab4f-4b6f-a1e2-bad7c5caf60d,desmond.cars,available,1999.99,2199,high,low,7,namesilo,,,26/09/2026 03:14
8dae920a-61ed-4458-bdc0-cc3884a6c0f1,eudaemonia.cars,available,1999.99,2199,high,low,10,namesilo,,,12/09/2026 22:59
bdfcd1b3-533f-4822-873e-10d4f0cd41f1,untold.cars,available,1999.99,2199,high,low,6,namesilo,,,12/09/2026 21:37
d0f5794c-0a9b-4722-ae96-d3159d10e842,modeled.cars,available,1999.99,2199,high,low,7,namesilo,,,25/08/2026 02:51
8d3b573a-2d29-4ec0-a80b-32babdf115d9,slowness.cars,available,1863.2,2064.2,medium,low,8,spaceship,,,28/09/2026 23:49
bbeeb1bd-1788-47ab-8c16-dcefaf4cd091,saratoga.cars,available,2999.99,3799.99,high,low,8,name.com,,,21/09/2026 04:45
c79ecffc-dd37-4144-a7f8-9185881b2ead,bonded.cars,available,1999.99,2199,medium,low,6,namesilo,,,29/09/2026 05:02
ce51a4df-772f-4c1e-b6f3-73d409418148,burnt.cars,available,1999.99,2199,high,low,5,namesilo,,,23/09/2026 11:41
de54e270-b551-4df2-aa61-c8b50afe50fb,distributed.cars,available,1999.99,2199,high,low,11,namesilo,,,
0ecff54b-72f6-4c1d-801f-3555ab0c526d,artefact.cars,available,1999.99,2199,high,low,8,namesilo,,,20/09/2026 10:07
4637c75a-ca5e-4300-90cc-7f2bb428eed2,emerge.cars,available,1999.99,2199,high,low,6,namesilo,,,29/09/2026 06:43
745a0c90-6722-425d-a8fc-63b4bc42c1ee,downcast.cars,available,1999.99,2199,medium,low,8,namesilo,,,14/08/2026 17:33
2e9c683c-d753-46d6-ae1b-1a7632ddfb0a,viennese.cars,available,1999.99,2199,high,low,8,namesilo,,,13/09/2026 05:30
743e0660-292b-4c2a-bd42-84ddd085fd23,desserts.cars,available,1999.99,2199,medium,low,8,namesilo,,,02/10/2026 13:27
aa8e5160-a297-4bde-a284-e148207727ee,oceangoing.cars,available,1999.99,2199,medium,low,10,namesilo,,,04/09/2026 00:20
5e353323-6257-4e08-88e1-bf47c109a82d,kamehameha.cars,available,1863.2,2064.2,medium,low,10,spaceship,,,30/09/2026 12:36
c1c81ccc-6aea-4f6a-bb8d-f0944e492f22,schmidt.cars,available,2070,2950,high,high,7,namecheap,,,25/09/2026 07:11
40beeea5-02f5-420f-aa44-1199c9e807ef,whiteside.cars,available,1863.2,2064.2,medium,low,9,spaceship,,,30/09/2026 20:26
16ad1157-3040-425d-8f90-bef281d1eb31,statistical.cars,available,2070,2950,high,low,11,namecheap,,,29/09/2026 14:29
ccde1ee6-4259-40e6-8074-66bbb9e9baf2,wrinkly.cars,available,1999.99,2199,medium,low,7,namesilo,,,13/09/2026 13:47
cae3ac94-7674-47d8-8c9a-529e30b96eb5,lbs.cars,available,1999.99,2199,medium,low,3,namesilo,,,30/09/2026 07:36
be59dc6c-96ff-45ec-ae11-ddb583f683ef,randoms.cars,available,1999.99,2199,low,low,7,namesilo,,,19/09/2026 22:13
530b7ddd-2209-4b05-a7ce-0267f11f74f3,boric.cars,available,1999.99,2199,medium,low,5,namesilo,,,10/08/2026 19:48
4e834d0a-e1a2-4672-a337-5111b25ef535,als.cars,available,1999.99,2199,high,low,3,namesilo,,,18/09/2026 14:14
bd1d77b7-184b-4024-b861-4cae61d02ab1,memo.cars,available,2070,2950,high,low,4,namecheap,,,28/09/2026 02:24
79ecaa6f-2872-425a-a06b-43fe4a2270c4,alkali.cars,available,1999.99,2199,high,low,6,namesilo,,,18/09/2026 08:16
241070bb-1804-4357-a762-9379731f060e,inference.cars,available,1863.2,2064.2,high,low,9,spaceship,,,02/10/2026 15:47
1b8c7fe7-f1cf-4c02-88b7-86ab3216b5b0,ghetto.cars,available,1999.99,2199,high,low,6,namesilo,,,27/09/2026 13:47
633d74cd-5b36-4739-80b6-39103f0336c5,remnant.cars,available,1999.99,2199,high,low,7,namesilo,,,22/08/2026 22:50
ad97fe08-88bc-4679-9fc5-1965936441b2,higginson.cars,available,1863.2,2064.2,medium,low,9,spaceship,,,01/10/2026 02:35
6bab20ea-921d-4fff-b40f-4675ca4b5d09,sanely.cars,available,1999.99,2199,medium,low,6,namesilo,,,16/09/2026 00:33
51c26ba6-4197-4353-89f7-ecc3a1301ef3,formulaic.cars,available,1999.99,2199,medium,low,9,namesilo,,,18/08/2026 12:18
493c4f94-c1a0-48bf-a5e9-17cdc8ac9133,grumbling.cars,available,2070,2950,medium,low,9,namecheap,,,20/08/2026 20:33
cfb62c9f-68f1-45ca-a30d-18168447f4a5,evaluative.cars,available,1999.99,2199,medium,low,10,namesilo,,,06/08/2026 08:13
0f1311b2-3887-4a4f-97e5-a062f9a13aae,compatibly.cars,available,1999.99,2199,medium,low,10,namesilo,,,14/09/2026 07:43
834f3ea5-dd2b-4827-bb10-de3304472aae,angelina.cars,available,1863.2,2064.2,high,low,8,spaceship,,,03/10/2026 03:02
3e3eef0f-eb4d-494e-9ad0-6f3db9791c40,normally.cars,available,1863.2,2064.2,medium,low,8,spaceship,,,28/09/2026 14:10
21f81cec-6c05-4f62-8646-91ae2858e844,joint.cars,available,2070,2950,high,low,5,namecheap,,,22/09/2026 08:50
eb59f304-a091-4429-9cb5-53c48d7e47ad,protests.cars,available,1863.2,2064.2,medium,low,8,spaceship,,,30/09/2026 07:34
fa743dd0-4bfe-4ad7-8066-b6461975e6a3,bullets.cars,available,2070,2950,high,low,7,namecheap,,,25/09/2026 19:55
710126f3-f0db-499e-b178-380173cd2afc,bubbling.cars,available,1999.99,2199,high,low,8,namesilo,,,11/08/2026 07:15
d60c564b-8c06-4313-b01e-f24d9b1af2fd,revival.cars,available,1999.99,2199,high,low,7,namesilo,,,29/09/2026 02:02
73fe2480-8b0b-4bea-bea1-bc5b72dbad2e,demonstration.cars,available,2070,2950,high,low,13,namecheap,,,03/10/2026 01:27
1256ac38-85e9-4479-8e2d-4b422e3cc9c1,concerned.cars,available,2070,2950,high,low,9,namecheap,,,23/09/2026 18:58
676760a9-b64c-4f91-aa8f-18ef149c51f7,values.cars,available,1999.99,2199,high,low,6,namesilo,,,30/09/2026 14:17
421c6701-fca8-4f82-8b0d-a92d82f1e0c9,bracket.cars,available,1999.99,2199,high,low,7,namesilo,,,19/09/2026 06:22
5a0f6439-210f-44d7-ae13-e6f0eb657cd0,blear.cars,available,1999.99,2199,medium,low,5,namesilo,,,10/08/2026 14:01
4d98ac4d-d97f-4b94-a729-a3eed7ae84e1,gabby.cars,available,1999.99,2199,high,low,5,namesilo,,,12/08/2026 03:18
4f97eb14-23e4-4d91-b992-73c495f09388,sampling.cars,available,1863.2,2064.2,high,low,8,spaceship,,,30/09/2026 02:46
fc1dfe34-73db-4ff8-b253-ced8210a8647,phipps.cars,available,2070,2950,medium,low,6,namecheap,,,29/09/2026 04:24
e4d690d6-03e8-428d-b5c0-474ff80924c6,venter.cars,available,1999.99,2199,medium,low,6,namesilo,,,16/09/2026 14:46
ba9da6f3-9796-4fe0-a508-fd77e37afd15,unfit.cars,available,1999.99,2199,medium,low,5,namesilo,,,12/09/2026 10:23
5991f480-5234-4662-98b5-1ed9248ac15b,explosive.cars,available,1999.99,2199,high,low,9,namesilo,,,17/08/2026 18:33
dcb0703e-7430-4536-944d-161851e526a7,estonian.cars,available,1999.99,2199,high,low,8,namesilo,,,17/08/2026 13:27
a5274399-704c-44d7-8251-040ecbdce62e,rcmp.cars,available,1999.99,2199,medium,low,4,namesilo,,,03/10/2026 01:38
a2c750a3-774e-4720-bbac-d4ee43175138,shoulders.cars,available,1999.99,2199,medium,low,9,namesilo,,,
b08c337f-174d-495b-a480-637a2b41e138,adoptive.cars,available,1999.99,2199,high,low,8,namesilo,,,
a288221e-eac7-410b-adb3-15f3f567d5e6,waddington.cars,available,1999.99,2199,medium,low,10,namesilo,,,01/10/2026 11:02
5789fcdd-6ac1-468f-8f6e-363ac1cbbccc,innermost.cars,available,1999.99,2199,medium,low,9,namesilo,,,22/08/2026 05:53
8938f9d3-af10-441b-b623-6f5d629e4175,bias.cars,available,1999.99,2199,medium,low,4,namesilo,,,09/08/2026 18:35
38f836eb-a1dc-4a1f-a48e-724a94b59d3f,overly.cars,available,1999.99,2199,medium,low,6,namesilo,,,14/09/2026 16:48
fa2024cd-4c54-4ada-aa20-ada1ddfbd222,rudiments.cars,available,2070,2950,medium,low,9,namecheap,,,22/09/2026 10:41
4355e73f-87f1-4fa5-8745-2c16d279f1cd,unload.cars,available,2070,2950,high,low,6,namecheap,,,29/09/2026 08:24
3aaef4b8-e3c6-4abd-8994-bce0f749357f,lad.cars,available,1999.99,2199,high,low,3,namesilo,,,28/09/2026 00:53
308d2338-cf83-4e16-b068-50dd01a71267,beguiling.cars,available,2070,2950,high,low,9,namecheap,,,22/09/2026 01:38
c836b67f-9a1a-463b-b1dd-8f48ab65a062,refill.cars,available,2060.25,2064.19,high,low,6,porkbun,,,30/09/2026 18:28
33c60694-3d82-4c5e-8119-74bc39e920d0,turkish.cars,available,2070,2950,medium,low,7,namecheap,,,11/09/2026 21:18
8558d21d-e385-4394-b9c8-08c15da8519a,purchases.cars,available,1999.99,2199,high,low,9,namesilo,,,30/09/2026 07:19
03bf34a7-17d9-47d9-b9f7-e7eb3d92abd7,cheryl.cars,available,1999.99,2199,medium,low,6,namesilo,,,27/09/2026 07:16
500bc12e-1a39-467f-a5b3-e4f9ccf3c363,colorize.cars,available,1999.99,2199,medium,low,8,namesilo,,,12/08/2026 17:34
4f3a1089-553c-455f-87b5-34cc38609c34,unchanging.cars,available,1999.99,2199,high,low,10,namesilo,,,12/09/2026 05:04
9a18f54a-b1a0-4ade-81ad-286b1c542f5a,unplanned.cars,available,1999.99,2199,medium,low,9,namesilo,,,12/09/2026 16:51
469f4160-8bb2-47b8-a10b-547d42d139f0,ended.cars,available,1999.99,2199,high,low,5,namesilo,,,
d02743bf-644f-42b1-80c3-c1a7881fddf8,feasibly.cars,available,2070,2950,medium,low,8,namecheap,,,14/09/2026 18:08
56330794-76b6-4d22-ba3f-dbed01e0b1ed,lowbrow.cars,available,1999.99,2199,medium,low,7,namesilo,,,
e4a55df2-7226-45d7-8173-c546d1192ec0,pins.cars,available,1999.99,2199,high,low,4,namesilo,,,18/09/2026 08:25
e7cebed7-d1a6-4cad-a3d8-b32ad8e07e52,apocryphal.cars,available,1999.99,2199,medium,low,10,namesilo,,,06/08/2026 01:11
e7070068-2ccf-4f7d-b646-6019a8c53507,profession.cars,available,1999.99,2199,high,low,10,namesilo,,,30/09/2026 07:31
01c395d6-df6c-4b26-88fb-e260b556b156,quits.cars,available,2070,2950,high,low,5,namecheap,,,09/09/2026 09:02
7e477e20-98fa-4d36-8e04-42c5cdbce536,navigable.cars,available,1999.99,2199,medium,low,9,namesilo,,,03/09/2026 14:13
d8084225-8408-417d-a5a8-d5d0d0ea2c1f,nanus.cars,available,1999.99,2199,medium,low,5,namesilo,,,24/08/2026 22:32
28f51550-6eca-4f5d-95b8-0b510ec82a18,electronics.cars,available,2140.22,2140.22,high,low,11,dynadot,,,28/09/2026 17:13
b86bf5e2-7363-4c93-b006-5d4b879aff42,arapaho.cars,available,2070,2950,medium,low,7,namecheap,,,20/09/2026 00:08
53012fd6-6bd6-4c9e-bf63-2708ac213cd5,illustrates.cars,available,1999.99,2199,medium,low,11,namesilo,,,02/10/2026 22:27
6483235b-dbec-4076-9d9d-a4a1d30139ab,seventeen.cars,available,1999.99,2199,high,medium,9,namesilo,,,19/09/2026 06:27
9043223b-7bfd-41c4-9b97-d066ec116067,pornographic.cars,available,1863.2,2064.2,medium,low,12,spaceship,,,29/09/2026 20:53
5f76a085-907e-4551-beac-0291676e502b,taylor.cars,available,1999.99,2199,high,low,6,namesilo,,,29/09/2026 13:29
77eb8065-a1fb-4f64-8f0c-ec49ffd38f40,realizes.cars,available,1863.2,2064.2,medium,low,8,spaceship,,,29/09/2026 05:59
a0e20b1c-a894-4b39-8803-5284e62f16e5,beads.cars,available,2070,2950,high,low,5,namecheap,,,29/09/2026 01:39
9f022667-4111-40f6-9d7b-344b5e948979,deranged.cars,available,1999.99,2199,medium,low,8,namesilo,,,13/08/2026 05:32
90e43a58-c310-4d55-803d-0c01df84dc64,cislunar.cars,available,1999.99,2199,medium,low,8,namesilo,,,12/08/2026 08:30
cc1ec09b-0b5a-435e-b367-ebea8184ebde,pretense.cars,available,1999.99,2199,high,low,8,namesilo,,,25/09/2026 16:21
18b69f94-f667-40b0-9f76-2df90736cafc,advisory.cars,available,1999.99,2199,high,low,8,namesilo,,,
bdb07591-555a-4de6-8e10-2ee9bf465ff2,claudius.cars,available,1863.2,2064.2,medium,low,8,spaceship,,,01/10/2026 18:58
3056bc3b-bedf-42f0-b944-e2a8ed3bfff5,beverages.cars,available,1999.99,2199,medium,low,9,namesilo,,,30/09/2026 06:27
18c0c637-27a4-4ee1-a50b-57ddc3547585,affix.cars,available,1999.99,2199,high,low,5,namesilo,,,17/09/2026 14:37
95e8ba33-3ab9-45b1-af48-10402831a6a1,condolences.cars,available,1999.99,2199,medium,low,11,namesilo,,,01/10/2026 09:43
f4efe234-e5c7-4808-ab63-99b9247fcb66,animated.cars,available,1999.99,2199,high,low,8,namesilo,,,22/09/2026 05:00
e4864dc7-c7cd-402b-a4bb-2657f27244ae,neotenous.cars,available,1999.99,2199,medium,low,9,namesilo,,,03/09/2026 15:33
190a5d41-f33b-48b9-be87-e6030005a4a1,lon.cars,available,1999.99,2199,medium,low,3,namesilo,,,28/09/2026 11:31
dadc14d9-c415-46cd-b6b7-af7add662395,dumbbell.cars,available,1999.99,2199,high,low,8,namesilo,,,24/09/2026 06:44
c57670d8-5f3c-4285-b0ae-3b259f2e5e79,arapahoe.cars,available,1999.99,2199,medium,low,8,namesilo,,,20/09/2026 00:11
5a68fbe4-b6f5-4515-b20e-3caf2654413a,gogh.cars,available,1863.2,2064.2,medium,low,4,spaceship,,,28/09/2026 19:21
8c9932b9-afc6-4195-badf-de568bebbac1,fabulously.cars,available,1999.99,2199,high,low,10,namesilo,,,14/09/2026 17:19
1e637495-fe13-4fb1-ade6-d41afe45557b,baal.cars,available,1999.99,2199,high,low,4,namesilo,,,21/09/2026 12:05
f5546572-62b7-4495-9fd5-7061a6408a19,hilarious.cars,available,1999.99,2199,high,low,9,namesilo,,,21/08/2026 09:21
d035d965-7f88-4d99-a3bf-c60da9fc8753,ozarks.cars,available,1999.99,2199,medium,low,6,namesilo,,,01/10/2026 03:12
ec56bd44-96fd-4d36-94db-f8d7e620d470,anticipating.cars,available,1999.99,2199,medium,low,12,namesilo,,,02/10/2026 02:52
35da09b3-c8fe-47dc-aeba-bd77ede586f4,expensive.cars,available,2070,2950,high,low,9,namecheap,,,17/08/2026 18:10
30a8c281-6200-44d3-899c-5025e77503eb,gotha.cars,available,2140.22,2140.22,medium,low,5,dynadot,,,30/09/2026 13:38
0779eb42-2276-449a-a3fc-0415691f81f1,physic.cars,available,1999.99,2199,high,low,6,namesilo,,,02/10/2026 10:47
9fbf315e-17b0-448e-804b-84bc70e5b671,void.cars,available,1999.99,2199,high,medium,4,namesilo,,,25/09/2026 23:24
e3081c11-195a-425d-9141-64422943ad3a,inhabit.cars,available,1999.99,2199,high,low,7,namesilo,,,24/08/2026 07:51
cb36af60-ea0d-457f-81ba-f55de113b62a,sleep.cars,available,1999.99,2199,high,medium,5,namesilo,,,25/09/2026 05:45
5b683915-0928-4ea9-bb9f-452358e9dc4f,typography.cars,available,1863.2,2064.2,high,low,10,spaceship,,,30/09/2026 11:13
2213fdf2-14d4-4bf8-8c99-b5afdc633caf,farmington.cars,available,1999.99,2199,medium,low,10,namesilo,,,28/09/2026 05:41
fc081cbf-271a-401f-9408-6f8e83881710,dhaka.cars,available,2070,2950,high,low,5,namecheap,,,29/09/2026 06:13
54bfa5be-753a-4b7b-aea6-acac1697cc8a,schonberg.cars,available,1999.99,2199,medium,low,9,namesilo,,,20/09/2026 08:20
625e924f-f9c6-42ad-92eb-77b105c9e650,molecular.cars,available,1999.99,2199,high,low,9,namesilo,,,25/08/2026 03:53
2d98bbc0-9320-4d14-aeee-d4c9a1ea9833,olin.cars,available,1999.99,2199,medium,low,4,namesilo,,,29/09/2026 04:10
b5fc586b-ac09-4ad8-9cd8-c296857b90c2,mitchell.cars,available,1999.99,2199,high,low,8,namesilo,,,20/09/2026 11:03
937d0bc7-59b0-4597-86fc-8c7fe1b3ec6b,guild.cars,available,1999.99,2199,high,low,5,namesilo,,,29/09/2026 01:05
9da76a0a-14ab-4760-a8ff-f75805937416,flaring.cars,available,1999.99,2199,high,low,7,namesilo,,,
afcb88b1-8feb-4a08-897c-3f9d10b5ca72,library.cars,available,2070,2950,high,low,7,namecheap,,,28/09/2026 08:46
65aed7c9-64a3-4497-bb57-eb0e8670468c,tremor.cars,available,2140.22,2140.22,high,low,6,dynadot,,,02/10/2026 14:56
521cc603-5178-4624-a22a-753063688230,beatrice.cars,available,1999.99,2199,high,low,8,namesilo,,,22/09/2026 21:46
3f57d2df-e41c-4291-8b4a-ac857e1459d0,diplomatic.cars,available,1999.99,2199,high,low,10,namesilo,,,24/09/2026 10:36
c1d3ad74-18ca-43e7-805c-d345d80886ad,bundle.cars,available,1999.99,2199,high,low,6,namesilo,,,29/09/2026 02:36
5f540311-d8d8-439f-972f-b6cbc887a07b,louche.cars,available,1999.99,2199,medium,low,6,namesilo,,,24/08/2026 10:02
b009f0ce-939f-436b-b4fb-576f2cbfbfb3,viking.cars,available,1999.99,2199,high,high,6,namesilo,,,28/09/2026 20:43
c7f76484-5d7e-435b-ac01-7ba1a1d44095,discoid.cars,available,1999.99,2199,medium,low,7,namesilo,,,14/08/2026 09:38
e711b534-dee8-4679-ae20-c7a62c553c61,retire.cars,available,2060.25,2064.19,high,low,6,porkbun,,,30/09/2026 10:08
e56868d2-24e8-4a26-9bf7-f8ec38a20fc4,week.cars,available,1863.2,2064.2,high,low,4,spaceship,,,29/09/2026 05:49
aa777ebe-38ed-4f45-873a-b04e2afadaa7,unionized.cars,available,2070,2950,medium,low,9,namecheap,,,03/09/2026 19:29
24856684-2a30-434c-936f-a0248dadb353,randal.cars,available,2070,2950,high,low,6,namecheap,,,02/10/2026 19:58
c9c1008f-95a4-4f5e-93b4-76bba9d48048,residue.cars,available,1999.99,2199,high,low,7,namesilo,,,09/09/2026 15:05
bf401254-cffb-4894-831b-e119ebfd71d8,mangled.cars,available,1999.99,2199,medium,low,7,namesilo,,,24/08/2026 14:53
7b40e078-734f-4bad-96ab-6d1b5c39d3b6,shu.cars,available,1863.2,2064.2,high,low,3,spaceship,,,27/09/2026 21:11
d74b21d5-2158-4dca-a64e-86881d54ecfd,atheist.cars,available,1999.99,2199,medium,low,7,namesilo,,,22/09/2026 10:58